id,creation_time,property1,property2,property3,property4,property5,failed,time_of_death,origin_id,destination_id,network_id
1,2017-03-10 00:22:07.155933,,,,,,f,,1,6,1
2,2017-03-10 00:22:11.68843,,,,,,f,,1,7,1
3,2017-03-10 00:22:17.439182,,,,,,f,,1,8,1
4,2017-03-10 00:22:25.597987,,,,,,f,,1,9,1
5,2017-03-10 00:22:39.539338,,,,,,f,,1,10,1
6,2017-03-10 00:22:41.047673,,,,,,f,,1,11,1
7,2017-03-10 00:23:02.334308,,,,,,f,,1,12,1
8,2017-03-10 00:23:12.062757,,,,,,f,,1,13,1
9,2017-03-10 00:23:14.755426,,,,,,f,,1,14,1
10,2017-03-10 00:23:20.824223,,,,,,f,,1,15,1
11,2017-03-10 00:23:22.237776,,,,,,f,,1,16,1
12,2017-03-10 00:23:26.748279,,,,,,f,,1,17,1
13,2017-03-10 00:23:34.195759,,,,,,f,,1,18,1
14,2017-03-10 00:23:34.434681,,,,,,f,,1,19,1
15,2017-03-10 00:23:37.637304,,,,,,f,,1,20,1
16,2017-03-10 00:23:43.612914,,,,,,f,,1,21,1
17,2017-03-10 00:23:45.244902,,,,,,f,,1,22,1
18,2017-03-10 00:23:45.687109,,,,,,f,,1,23,1
19,2017-03-10 00:23:54.438329,,,,,,f,,1,24,1
20,2017-03-10 00:24:06.703362,,,,,,f,,1,25,1
21,2017-03-10 00:24:15.38361,,,,,,f,,1,26,1
22,2017-03-10 00:25:11.229385,,,,,,f,,1,27,1
23,2017-03-10 00:25:13.313822,,,,,,f,,1,28,1
24,2017-03-10 00:25:21.70052,,,,,,f,,1,29,1
25,2017-03-10 00:25:33.290498,,,,,,f,,1,30,1
26,2017-03-10 00:25:44.977451,,,,,,f,,1,31,1
27,2017-03-10 00:26:07.35386,,,,,,f,,1,32,1
28,2017-03-10 00:26:27.11948,,,,,,f,,1,33,1
29,2017-03-10 00:26:31.762131,,,,,,f,,1,34,1
30,2017-03-10 00:26:33.967029,,,,,,f,,1,35,1
31,2017-03-10 00:26:44.231167,,,,,,f,,1,36,1
32,2017-03-10 00:27:34.713519,,,,,,f,,1,37,1
33,2017-03-10 00:32:39.110638,,,,,,f,,1,38,1
34,2017-03-10 00:37:35.087349,,,,,,f,,1,39,1
35,2017-03-10 00:41:36.173114,,,,,,f,,1,40,1
36,2017-03-10 00:41:53.305034,,,,,,f,,1,41,1
37,2017-03-10 00:41:59.007219,,,,,,f,,1,42,1
38,2017-03-10 00:42:52.972606,,,,,,f,,1,43,1
39,2017-03-10 00:46:11.920544,,,,,,f,,1,44,1
40,2017-03-10 00:55:55.52858,,,,,,t,2017-03-10 00:58:27.253035,1,45,1
41,2017-03-10 01:05:36.383951,,,,,,f,,1,46,1
42,2017-03-10 01:11:27.025939,,,,,,f,,9,47,1
43,2017-03-10 01:11:41.459396,,,,,,f,,7,48,1
44,2017-03-10 01:11:53.381168,,,,,,f,,16,49,1
45,2017-03-10 01:12:08.31566,,,,,,f,,36,50,1
46,2017-03-10 01:12:26.675021,,,,,,f,,23,51,1
47,2017-03-10 01:12:28.312657,,,,,,f,,15,52,1
48,2017-03-10 01:12:55.378863,,,,,,f,,36,53,1
49,2017-03-10 01:13:08.06585,,,,,,f,,44,54,1
50,2017-03-10 01:13:36.292756,,,,,,f,,44,55,1
51,2017-03-10 01:13:37.458401,,,,,,f,,9,56,1
52,2017-03-10 01:14:07.925636,,,,,,f,,12,57,1
53,2017-03-10 01:14:08.403508,,,,,,f,,19,58,1
54,2017-03-10 01:14:15.203726,,,,,,f,,28,59,1
55,2017-03-10 01:14:27.829633,,,,,,f,,26,60,1
56,2017-03-10 01:15:12.123843,,,,,,f,,28,61,1
57,2017-03-10 01:15:35.246936,,,,,,f,,40,62,1
59,2017-03-10 01:15:42.154492,,,,,,f,,15,64,1
60,2017-03-10 01:15:44.182373,,,,,,f,,23,65,1
61,2017-03-10 01:16:52.750397,,,,,,f,,23,66,1
62,2017-03-10 01:17:11.264681,,,,,,f,,14,67,1
63,2017-03-10 01:17:22.255969,,,,,,f,,28,68,1
64,2017-03-10 01:17:31.235512,,,,,,f,,36,69,1
66,2017-03-10 01:17:44.415669,,,,,,f,,26,71,1
67,2017-03-10 01:18:11.457078,,,,,,f,,23,72,1
68,2017-03-10 01:18:14.355989,,,,,,f,,41,73,1
69,2017-03-10 01:18:19.905754,,,,,,f,,44,74,1
70,2017-03-10 01:18:55.478294,,,,,,f,,23,75,1
71,2017-03-10 01:18:59.010286,,,,,,f,,28,76,1
72,2017-03-10 01:19:19.267153,,,,,,f,,10,77,1
73,2017-03-10 01:19:33.148387,,,,,,f,,10,78,1
74,2017-03-10 01:19:45.613444,,,,,,f,,16,79,1
75,2017-03-10 01:19:58.995432,,,,,,f,,29,80,1
76,2017-03-10 01:20:33.025811,,,,,,f,,29,81,1
77,2017-03-10 01:20:40.284503,,,,,,f,,39,82,1
58,2017-03-10 01:15:41.789564,,,,,,t,2017-03-10 01:20:59.452588,29,63,1
78,2017-03-10 01:22:34.954447,,,,,,f,,23,83,1
79,2017-03-10 01:23:31.143238,,,,,,f,,13,84,1
80,2017-03-10 01:24:22.216975,,,,,,f,,31,85,1
81,2017-03-10 01:30:54.099704,,,,,,f,,39,86,1
82,2017-03-10 01:32:14.21238,,,,,,f,,29,87,1
65,2017-03-10 01:17:39.201448,,,,,,t,2017-03-10 01:33:17.527595,7,70,1
83,2017-03-10 01:37:19.03967,,,,,,f,,44,88,1
84,2017-03-10 01:46:26.969601,,,,,,f,,84,89,1
85,2017-03-10 01:48:02.686758,,,,,,f,,56,90,1
86,2017-03-10 01:48:19.686693,,,,,,f,,80,91,1
87,2017-03-10 01:48:25.741255,,,,,,f,,59,92,1
88,2017-03-10 01:49:05.602182,,,,,,f,,88,93,1
89,2017-03-10 01:49:14.105925,,,,,,f,,78,94,1
90,2017-03-10 01:51:26.438082,,,,,,f,,48,95,1
91,2017-03-10 01:51:55.851299,,,,,,f,,81,96,1
92,2017-03-10 01:52:00.998273,,,,,,f,,81,97,1
93,2017-03-10 01:52:08.266867,,,,,,f,,69,98,1
94,2017-03-10 01:52:08.367812,,,,,,f,,76,99,1
95,2017-03-10 01:52:38.978308,,,,,,f,,88,100,1
96,2017-03-10 01:52:46.532589,,,,,,f,,83,101,1
97,2017-03-10 01:52:53.276071,,,,,,f,,78,102,1
98,2017-03-10 01:54:02.268707,,,,,,f,,76,103,1
99,2017-03-10 01:55:03.162883,,,,,,f,,78,104,1
100,2017-03-10 01:55:47.009031,,,,,,f,,64,105,1
101,2017-03-10 01:55:47.344593,,,,,,f,,68,106,1
102,2017-03-10 01:56:20.704432,,,,,,f,,81,107,1
103,2017-03-10 01:56:53.994561,,,,,,f,,81,108,1
104,2017-03-10 01:57:43.078542,,,,,,f,,54,109,1
105,2017-03-10 01:58:09.051813,,,,,,f,,53,110,1
106,2017-03-10 01:58:10.435295,,,,,,f,,88,111,1
107,2017-03-10 01:58:21.259426,,,,,,f,,50,112,1
108,2017-03-10 01:58:44.80989,,,,,,f,,60,113,1
109,2017-03-10 01:59:04.835626,,,,,,f,,81,114,1
110,2017-03-10 01:59:14.273849,,,,,,f,,88,115,1
111,2017-03-10 01:59:25.672944,,,,,,f,,77,116,1
112,2017-03-10 02:00:28.827729,,,,,,f,,80,117,1
113,2017-03-10 02:01:56.268456,,,,,,f,,55,118,1
114,2017-03-10 02:02:48.57617,,,,,,f,,54,119,1
115,2017-03-10 02:03:41.516738,,,,,,f,,83,120,1
116,2017-03-10 02:04:25.213884,,,,,,f,,54,121,1
117,2017-03-10 02:05:04.868625,,,,,,f,,81,122,1
118,2017-03-10 02:05:28.823448,,,,,,f,,54,123,1
119,2017-03-10 02:11:16.242884,,,,,,f,,55,124,1
120,2017-03-10 02:14:11.76247,,,,,,f,,50,125,1
122,2017-03-10 02:18:14.118474,,,,,,f,,88,127,1
124,2017-03-10 02:33:00.106815,,,,,,f,,95,129,1
125,2017-03-10 02:33:29.221816,,,,,,f,,113,130,1
126,2017-03-10 02:33:38.415528,,,,,,f,,113,131,1
128,2017-03-10 02:33:58.400463,,,,,,f,,114,133,1
132,2017-03-10 02:38:40.947969,,,,,,f,,96,137,1
134,2017-03-10 02:39:37.685689,,,,,,f,,97,139,1
137,2017-03-10 02:40:11.507771,,,,,,f,,103,142,1
138,2017-03-10 02:41:43.294203,,,,,,f,,109,143,1
142,2017-03-10 02:45:04.418781,,,,,,f,,105,147,1
144,2017-03-10 02:45:53.967515,,,,,,f,,111,149,1
147,2017-03-10 02:46:30.146106,,,,,,f,,113,152,1
149,2017-03-10 02:47:37.879918,,,,,,f,,120,154,1
151,2017-03-10 02:48:01.105484,,,,,,f,,103,156,1
152,2017-03-10 02:48:14.235924,,,,,,f,,93,157,1
154,2017-03-10 02:49:37.008904,,,,,,f,,97,159,1
155,2017-03-10 02:50:17.13982,,,,,,f,,89,160,1
158,2017-03-10 02:51:25.512741,,,,,,f,,98,163,1
159,2017-03-10 02:51:41.160028,,,,,,f,,108,164,1
162,2017-03-10 02:54:19.387496,,,,,,f,,109,167,1
141,2017-03-10 02:44:11.857822,,,,,,t,2017-03-10 02:56:14.648132,113,146,1
164,2017-03-10 03:10:01.156082,,,,,,f,,115,169,1
165,2017-03-10 03:10:44.070752,,,,,,f,,96,170,1
121,2017-03-10 02:15:50.633471,,,,,,f,,73,126,1
123,2017-03-10 02:28:02.877922,,,,,,f,,73,128,1
127,2017-03-10 02:33:56.103073,,,,,,f,,96,132,1
129,2017-03-10 02:33:58.410874,,,,,,f,,96,134,1
130,2017-03-10 02:35:37.810931,,,,,,f,,97,135,1
131,2017-03-10 02:36:48.655385,,,,,,f,,96,136,1
133,2017-03-10 02:39:19.478091,,,,,,f,,96,138,1
135,2017-03-10 02:39:49.177911,,,,,,f,,108,140,1
136,2017-03-10 02:39:58.436804,,,,,,f,,108,141,1
139,2017-03-10 02:43:29.610239,,,,,,f,,109,144,1
140,2017-03-10 02:43:32.130634,,,,,,f,,97,145,1
143,2017-03-10 02:45:31.350269,,,,,,f,,102,148,1
145,2017-03-10 02:46:01.064213,,,,,,f,,109,150,1
146,2017-03-10 02:46:17.88455,,,,,,f,,97,151,1
148,2017-03-10 02:47:23.339921,,,,,,f,,106,153,1
150,2017-03-10 02:47:39.446389,,,,,,f,,93,155,1
153,2017-03-10 02:48:24.62638,,,,,,f,,112,158,1
156,2017-03-10 02:50:53.00115,,,,,,f,,96,161,1
157,2017-03-10 02:51:11.315971,,,,,,f,,96,162,1
161,2017-03-10 02:52:19.104012,,,,,,f,,108,166,1
163,2017-03-10 02:59:52.671211,,,,,,f,,101,168,1
160,2017-03-10 02:52:00.526932,,,,,,t,2017-03-10 03:06:03.458292,118,165,1
166,2017-03-10 03:17:26.029468,,,,,,f,,141,171,1
167,2017-03-10 03:17:55.378317,,,,,,f,,168,172,1
168,2017-03-10 03:18:12.620768,,,,,,f,,136,173,1
169,2017-03-10 03:18:59.450045,,,,,,f,,152,174,1
170,2017-03-10 03:19:52.041664,,,,,,f,,141,175,1
171,2017-03-10 03:20:14.033552,,,,,,f,,136,176,1
172,2017-03-10 03:20:27.061917,,,,,,f,,152,177,1
173,2017-03-10 03:20:32.181728,,,,,,f,,134,178,1
174,2017-03-10 03:21:45.287714,,,,,,f,,137,179,1
175,2017-03-10 03:22:06.518921,,,,,,f,,136,180,1
176,2017-03-10 03:23:55.640852,,,,,,f,,135,181,1
177,2017-03-10 03:25:31.425297,,,,,,f,,166,182,1
178,2017-03-10 03:25:55.403448,,,,,,f,,131,183,1
179,2017-03-10 03:28:03.283634,,,,,,f,,166,184,1
180,2017-03-10 03:28:24.803762,,,,,,f,,137,185,1
181,2017-03-10 03:28:25.809363,,,,,,f,,141,186,1
182,2017-03-10 03:28:34.949438,,,,,,f,,168,187,1
183,2017-03-10 03:28:55.840108,,,,,,f,,133,188,1
184,2017-03-10 03:30:21.080557,,,,,,f,,135,189,1
185,2017-03-10 03:31:36.789496,,,,,,f,,162,190,1
186,2017-03-10 03:32:42.001178,,,,,,f,,163,191,1
187,2017-03-10 03:33:01.025841,,,,,,f,,133,192,1
188,2017-03-10 03:33:27.778403,,,,,,f,,135,193,1
189,2017-03-10 03:33:29.186685,,,,,,f,,136,194,1
190,2017-03-10 03:33:33.618068,,,,,,f,,159,195,1
191,2017-03-10 03:35:11.547785,,,,,,f,,168,196,1
192,2017-03-10 03:36:58.930289,,,,,,f,,166,197,1
193,2017-03-10 03:36:59.115081,,,,,,f,,135,198,1
194,2017-03-10 03:37:24.33309,,,,,,f,,168,199,1
195,2017-03-10 03:38:18.616152,,,,,,f,,134,200,1
196,2017-03-10 03:39:57.155477,,,,,,f,,134,201,1
197,2017-03-10 03:40:04.175103,,,,,,f,,160,202,1
198,2017-03-10 03:41:52.097483,,,,,,f,,163,203,1
200,2017-03-10 03:42:46.432085,,,,,,f,,135,205,1
201,2017-03-10 03:43:31.338846,,,,,,f,,140,206,1
202,2017-03-10 03:43:46.812082,,,,,,f,,141,207,1
199,2017-03-10 03:42:45.202552,,,,,,t,2017-03-10 03:44:22.439999,136,204,1
203,2017-03-10 03:44:17.052978,,,,,,t,2017-03-10 03:45:33.529503,139,208,1
204,2017-03-10 03:48:12.622197,,,,,,f,,168,209,1
205,2017-03-10 03:49:10.178227,,,,,,f,,140,210,1
206,2017-03-10 03:51:43.263217,,,,,,f,,135,211,1
207,2017-03-10 03:52:34.767901,,,,,,f,,141,212,1
208,2017-03-10 03:59:38.501896,,,,,,f,,178,213,1
209,2017-03-10 04:00:21.250677,,,,,,f,,192,214,1
210,2017-03-10 04:01:01.932208,,,,,,f,,177,215,1
211,2017-03-10 04:01:08.149348,,,,,,f,,186,216,1
212,2017-03-10 04:01:59.306429,,,,,,f,,174,217,1
214,2017-03-10 04:02:51.799067,,,,,,f,,202,219,1
215,2017-03-10 04:04:21.773627,,,,,,f,,182,220,1
216,2017-03-10 04:06:58.789439,,,,,,f,,188,221,1
217,2017-03-10 04:07:07.030349,,,,,,f,,176,222,1
218,2017-03-10 04:07:41.45475,,,,,,f,,194,223,1
219,2017-03-10 04:09:33.037803,,,,,,f,,171,224,1
220,2017-03-10 04:09:37.283469,,,,,,f,,199,225,1
221,2017-03-10 04:11:02.014779,,,,,,f,,207,226,1
213,2017-03-10 04:02:47.429222,,,,,,t,2017-03-10 04:11:43.802402,182,218,1
223,2017-03-10 04:13:43.337761,,,,,,f,,179,228,1
224,2017-03-10 04:13:51.016187,,,,,,f,,182,229,1
225,2017-03-10 04:14:59.795788,,,,,,f,,176,230,1
226,2017-03-10 04:15:37.564374,,,,,,f,,198,231,1
228,2017-03-10 04:17:02.926957,,,,,,f,,203,233,1
222,2017-03-10 04:11:11.719742,,,,,,t,2017-03-10 04:20:28.976636,177,227,1
230,2017-03-10 04:20:38.517551,,,,,,f,,176,235,1
231,2017-03-10 04:20:45.765827,,,,,,f,,185,236,1
232,2017-03-10 04:23:18.240217,,,,,,f,,175,237,1
233,2017-03-10 04:24:07.284973,,,,,,f,,185,238,1
234,2017-03-10 04:24:17.644028,,,,,,f,,196,239,1
227,2017-03-10 04:16:13.443444,,,,,,t,2017-03-10 04:24:25.515817,206,232,1
235,2017-03-10 04:25:33.187501,,,,,,f,,171,240,1
236,2017-03-10 04:26:16.853919,,,,,,f,,203,241,1
237,2017-03-10 04:31:51.73986,,,,,,f,,188,242,1
238,2017-03-10 04:34:10.75336,,,,,,f,,176,243,1
239,2017-03-10 04:35:31.12993,,,,,,f,,177,244,1
240,2017-03-10 04:36:46.58131,,,,,,f,,174,245,1
229,2017-03-10 04:19:39.94979,,,,,,t,2017-03-10 04:37:04.692558,189,234,1
241,2017-03-10 04:37:57.733112,,,,,,f,,177,246,1
242,2017-03-10 04:38:06.930196,,,,,,f,,199,247,1
243,2017-03-10 04:38:26.692375,,,,,,f,,195,248,1
244,2017-03-10 04:39:18.886049,,,,,,f,,171,249,1
246,2017-03-10 04:39:32.379773,,,,,,f,,202,251,1
245,2017-03-10 04:39:31.887137,,,,,,t,2017-03-10 04:44:33.578306,198,250,1
248,2017-03-10 04:47:37.172384,,,,,,f,,175,253,1
249,2017-03-10 04:48:34.329545,,,,,,f,,197,254,1
250,2017-03-10 04:49:59.652347,,,,,,f,,174,255,1
252,2017-03-10 04:53:09.659198,,,,,,f,,207,257,1
247,2017-03-10 04:41:36.734646,,,,,,t,2017-03-10 04:57:43.703559,202,252,1
253,2017-03-10 05:01:44.517505,,,,,,f,,179,258,1
251,2017-03-10 04:51:57.193241,,,,,,t,2017-03-10 05:04:14.575649,202,256,1
254,2017-03-10 05:06:19.031193,,,,,,f,,202,259,1
255,2017-03-10 05:11:59.035959,,,,,,f,,259,260,1
256,2017-03-10 05:12:22.995447,,,,,,f,,244,261,1
257,2017-03-10 05:14:31.908546,,,,,,f,,228,262,1
258,2017-03-10 05:14:48.892216,,,,,,f,,255,263,1
259,2017-03-10 05:15:47.440621,,,,,,f,,244,264,1
260,2017-03-10 05:16:12.700303,,,,,,f,,215,265,1
261,2017-03-10 05:17:23.39126,,,,,,f,,215,266,1
266,2017-03-10 05:19:26.345385,,,,,,f,,238,271,1
268,2017-03-10 05:20:38.379521,,,,,,f,,254,273,1
269,2017-03-10 05:21:23.228797,,,,,,f,,248,274,1
272,2017-03-10 05:24:43.295592,,,,,,f,,226,277,1
273,2017-03-10 05:24:44.146734,,,,,,f,,255,278,1
276,2017-03-10 05:26:32.081001,,,,,,f,,258,281,1
278,2017-03-10 05:29:42.173734,,,,,,f,,226,283,1
279,2017-03-10 05:31:09.996021,,,,,,f,,219,284,1
280,2017-03-10 05:31:42.886395,,,,,,f,,215,285,1
282,2017-03-10 05:35:05.938854,,,,,,f,,220,287,1
285,2017-03-10 05:35:52.572485,,,,,,f,,237,290,1
281,2017-03-10 05:31:59.16414,,,,,,t,2017-03-10 05:40:22.614283,223,286,1
271,2017-03-10 05:23:48.568558,,,,,,t,2017-03-10 05:41:28.348396,215,276,1
293,2017-03-10 05:42:30.683364,,,,,,t,2017-03-10 05:45:18.740889,258,298,1
295,2017-03-10 05:48:41.563877,,,,,,f,,213,300,1
262,2017-03-10 05:17:30.669202,,,,,,f,,258,267,1
263,2017-03-10 05:17:49.425304,,,,,,f,,243,268,1
264,2017-03-10 05:17:58.962312,,,,,,f,,238,269,1
265,2017-03-10 05:18:57.17316,,,,,,f,,229,270,1
267,2017-03-10 05:20:12.111918,,,,,,f,,253,272,1
270,2017-03-10 05:21:46.847867,,,,,,f,,215,275,1
274,2017-03-10 05:25:01.500499,,,,,,f,,244,279,1
275,2017-03-10 05:25:31.987801,,,,,,f,,215,280,1
277,2017-03-10 05:27:28.553827,,,,,,f,,219,282,1
283,2017-03-10 05:35:11.943481,,,,,,f,,258,288,1
284,2017-03-10 05:35:39.908064,,,,,,f,,257,289,1
286,2017-03-10 05:37:59.847899,,,,,,f,,248,291,1
287,2017-03-10 05:38:43.949866,,,,,,f,,228,292,1
288,2017-03-10 05:39:19.186696,,,,,,f,,223,293,1
289,2017-03-10 05:39:19.365155,,,,,,f,,258,294,1
290,2017-03-10 05:39:38.0636,,,,,,f,,248,295,1
291,2017-03-10 05:40:13.936853,,,,,,f,,248,296,1
292,2017-03-10 05:40:34.840048,,,,,,f,,237,297,1
294,2017-03-10 05:43:02.564261,,,,,,f,,226,299,1
296,2017-03-10 05:52:44.070105,,,,,,f,,223,301,1
297,2017-03-10 05:52:51.035384,,,,,,f,,226,302,1
298,2017-03-10 06:09:13.587424,,,,,,f,,289,303,1
299,2017-03-10 06:11:32.685029,,,,,,f,,297,304,1
300,2017-03-10 06:11:55.945324,,,,,,f,,280,305,1
301,2017-03-10 06:12:09.955567,,,,,,f,,283,306,1
302,2017-03-10 06:13:09.419735,,,,,,t,2017-03-10 06:16:48.897705,267,307,1
303,2017-03-10 06:19:23.413039,,,,,,f,,265,308,1
304,2017-03-10 06:24:11.106782,,,,,,f,,271,309,1
305,2017-03-10 06:26:41.294434,,,,,,f,,264,310,1
306,2017-03-10 06:27:30.346397,,,,,,f,,261,311,1
307,2017-03-10 06:28:47.909711,,,,,,f,,297,312,1
308,2017-03-10 06:29:39.763858,,,,,,f,,283,313,1
309,2017-03-10 06:32:01.431904,,,,,,f,,262,314,1
310,2017-03-10 06:32:57.934417,,,,,,f,,270,315,1
311,2017-03-10 06:33:18.568027,,,,,,f,,294,316,1
312,2017-03-10 06:34:31.294544,,,,,,f,,289,317,1
313,2017-03-10 06:35:32.449981,,,,,,f,,280,318,1
314,2017-03-10 06:37:44.07382,,,,,,f,,282,319,1
315,2017-03-10 06:39:13.414091,,,,,,f,,282,320,1
316,2017-03-10 06:43:47.568169,,,,,,f,,284,321,1
317,2017-03-10 06:43:55.024998,,,,,,f,,270,322,1
318,2017-03-10 06:49:16.139283,,,,,,f,,261,323,1
319,2017-03-10 06:49:37.076609,,,,,,f,,296,324,1
320,2017-03-10 06:52:52.086263,,,,,,f,,270,325,1
321,2017-03-10 06:53:52.258592,,,,,,f,,279,326,1
322,2017-03-10 06:55:53.282155,,,,,,f,,270,327,1
324,2017-03-10 06:58:01.163671,,,,,,f,,265,329,1
325,2017-03-10 07:00:12.198393,,,,,,f,,297,330,1
323,2017-03-10 06:56:26.120123,,,,,,t,2017-03-10 07:00:28.197054,301,328,1
326,2017-03-10 07:02:47.619596,,,,,,f,,261,331,1
327,2017-03-10 07:02:57.754255,,,,,,f,,272,332,1
328,2017-03-10 07:08:13.997924,,,,,,f,,287,333,1
329,2017-03-10 07:08:29.294812,,,,,,f,,261,334,1
330,2017-03-10 07:09:10.55152,,,,,,f,,274,335,1
331,2017-03-10 07:09:52.025444,,,,,,f,,294,336,1
332,2017-03-10 07:10:48.466873,,,,,,f,,265,337,1
333,2017-03-10 07:12:55.163397,,,,,,f,,261,338,1
334,2017-03-10 07:15:08.260465,,,,,,f,,267,339,1
335,2017-03-10 07:18:28.506049,,,,,,f,,264,340,1
336,2017-03-10 07:19:51.89527,,,,,,f,,275,341,1
337,2017-03-10 07:20:07.097417,,,,,,f,,284,342,1
338,2017-03-10 07:20:29.237075,,,,,,f,,292,343,1
339,2017-03-10 07:24:28.082342,,,,,,f,,300,344,1
340,2017-03-10 07:34:28.430585,,,,,,f,,338,345,1
341,2017-03-10 07:38:05.099205,,,,,,f,,343,346,1
342,2017-03-10 07:39:28.548539,,,,,,f,,343,347,1
343,2017-03-10 07:39:44.742871,,,,,,f,,311,348,1
344,2017-03-10 07:39:52.174943,,,,,,f,,306,349,1
345,2017-03-10 07:44:39.312072,,,,,,t,2017-03-10 07:45:51.79478,316,350,1
346,2017-03-10 07:46:44.029232,,,,,,f,,314,351,1
347,2017-03-10 07:49:10.65146,,,,,,f,,340,352,1
348,2017-03-10 07:53:07.694333,,,,,,f,,306,353,1
349,2017-03-10 07:53:29.909543,,,,,,t,2017-03-10 07:53:48.433127,316,354,1
351,2017-03-10 07:58:51.24231,,,,,,f,,343,356,1
350,2017-03-10 07:53:59.789313,,,,,,t,2017-03-10 07:59:59.623886,316,355,1
352,2017-03-10 08:06:14.392799,,,,,,f,,330,357,1
353,2017-03-10 08:06:20.601468,,,,,,f,,317,358,1
354,2017-03-10 08:06:24.748629,,,,,,f,,313,359,1
355,2017-03-10 08:09:57.275304,,,,,,f,,326,360,1
356,2017-03-10 08:12:02.894296,,,,,,f,,338,361,1
357,2017-03-10 08:12:26.76468,,,,,,f,,310,362,1
358,2017-03-10 08:14:22.562866,,,,,,f,,324,363,1
359,2017-03-10 08:14:52.034417,,,,,,f,,316,364,1
360,2017-03-10 08:15:15.369367,,,,,,f,,310,365,1
361,2017-03-10 08:17:40.544886,,,,,,f,,324,366,1
362,2017-03-10 08:19:01.453724,,,,,,f,,310,367,1
363,2017-03-10 08:19:42.0427,,,,,,f,,303,368,1
364,2017-03-10 08:20:17.901758,,,,,,f,,305,369,1
365,2017-03-10 08:20:30.064934,,,,,,f,,324,370,1
367,2017-03-10 08:22:12.087699,,,,,,f,,324,372,1
368,2017-03-10 08:25:02.604861,,,,,,f,,306,373,1
369,2017-03-10 08:25:31.878327,,,,,,f,,317,374,1
370,2017-03-10 08:27:19.120523,,,,,,f,,331,375,1
372,2017-03-10 08:28:45.184482,,,,,,f,,310,377,1
366,2017-03-10 08:21:07.781438,,,,,,t,2017-03-10 08:30:39.197631,343,371,1
373,2017-03-10 08:31:53.187388,,,,,,f,,313,378,1
374,2017-03-10 08:34:51.034045,,,,,,f,,310,379,1
375,2017-03-10 08:39:58.160753,,,,,,f,,317,380,1
376,2017-03-10 08:43:15.549549,,,,,,f,,324,381,1
371,2017-03-10 08:27:45.780236,,,,,,t,2017-03-10 08:45:03.979584,317,376,1
378,2017-03-10 08:46:49.028281,,,,,,f,,324,383,1
379,2017-03-10 08:49:37.767609,,,,,,f,,316,384,1
377,2017-03-10 08:44:55.297017,,,,,,t,2017-03-10 08:49:47.595088,324,382,1
380,2017-03-10 08:49:48.572384,,,,,,f,,303,385,1
381,2017-03-10 08:51:17.390755,,,,,,f,,336,386,1
382,2017-03-10 08:55:22.380844,,,,,,f,,333,387,1
383,2017-03-10 08:57:01.681114,,,,,,f,,303,388,1
384,2017-03-10 08:58:06.537685,,,,,,t,2017-03-10 09:04:06.599831,333,389,1
385,2017-03-10 09:04:40.39266,,,,,,t,2017-03-10 09:11:05.754959,326,390,1
386,2017-03-10 09:14:11.56886,,,,,,f,,316,391,1
387,2017-03-10 09:21:25.024433,,,,,,f,,316,392,1
388,2017-03-10 09:27:02.153362,,,,,,f,,367,393,1
389,2017-03-10 09:34:21.403151,,,,,,f,,391,394,1
391,2017-03-10 09:42:58.356976,,,,,,f,,387,396,1
392,2017-03-10 09:43:03.196297,,,,,,f,,388,397,1
393,2017-03-10 09:43:43.513121,,,,,,f,,377,398,1
394,2017-03-10 09:44:21.16444,,,,,,f,,379,399,1
395,2017-03-10 09:50:59.501338,,,,,,f,,365,400,1
397,2017-03-10 09:55:43.844413,,,,,,f,,377,402,1
398,2017-03-10 09:57:12.78277,,,,,,f,,383,403,1
399,2017-03-10 09:58:23.670685,,,,,,f,,384,404,1
402,2017-03-10 10:11:13.530738,,,,,,f,,365,407,1
405,2017-03-10 10:23:12.654142,,,,,,f,,366,410,1
408,2017-03-10 10:38:22.557882,,,,,,f,,387,413,1
409,2017-03-10 10:42:06.514426,,,,,,f,,346,414,1
410,2017-03-10 10:43:00.516239,,,,,,f,,391,415,1
411,2017-03-10 10:49:30.644973,,,,,,f,,361,416,1
415,2017-03-10 11:13:25.680913,,,,,,f,,348,420,1
417,2017-03-10 11:21:18.996228,,,,,,f,,356,422,1
419,2017-03-10 11:21:34.854809,,,,,,f,,378,424,1
420,2017-03-10 11:25:59.959295,,,,,,f,,369,425,1
423,2017-03-10 11:29:43.383883,,,,,,f,,369,428,1
425,2017-03-10 11:33:07.116977,,,,,,f,,357,430,1
427,2017-03-10 11:33:37.617882,,,,,,f,,391,432,1
428,2017-03-10 11:41:40.152019,,,,,,f,,361,433,1
432,2017-03-10 11:56:18.925669,,,,,,f,,412,437,1
433,2017-03-10 11:59:12.780526,,,,,,f,,408,438,1
435,2017-03-10 12:05:58.1279,,,,,,f,,402,440,1
437,2017-03-10 12:12:48.823045,,,,,,f,,402,442,1
439,2017-03-10 12:14:18.095855,,,,,,f,,415,444,1
441,2017-03-10 12:16:40.741711,,,,,,f,,429,446,1
448,2017-03-10 12:29:39.353178,,,,,,f,,421,453,1
450,2017-03-10 12:37:54.960032,,,,,,f,,431,455,1
453,2017-03-10 12:43:58.403532,,,,,,f,,393,458,1
396,2017-03-10 09:54:53.121057,,,,,,f,,369,401,1
400,2017-03-10 09:58:49.821291,,,,,,f,,391,405,1
390,2017-03-10 09:41:15.721927,,,,,,t,2017-03-10 09:59:04.42181,365,395,1
401,2017-03-10 09:59:47.81966,,,,,,f,,346,406,1
403,2017-03-10 10:17:54.886156,,,,,,f,,392,408,1
404,2017-03-10 10:20:13.203421,,,,,,f,,363,409,1
406,2017-03-10 10:26:38.162593,,,,,,f,,358,411,1
407,2017-03-10 10:26:58.61689,,,,,,f,,367,412,1
412,2017-03-10 10:56:16.342489,,,,,,f,,358,417,1
413,2017-03-10 11:01:14.995255,,,,,,f,,375,418,1
414,2017-03-10 11:06:38.791983,,,,,,f,,383,419,1
416,2017-03-10 11:16:39.510198,,,,,,f,,374,421,1
418,2017-03-10 11:21:28.311552,,,,,,f,,370,423,1
421,2017-03-10 11:28:29.833763,,,,,,f,,363,426,1
424,2017-03-10 11:32:15.098454,,,,,,f,,369,429,1
426,2017-03-10 11:33:22.226729,,,,,,f,,346,431,1
422,2017-03-10 11:29:39.40613,,,,,,t,2017-03-10 11:35:50.681987,370,427,1
429,2017-03-10 11:42:07.603841,,,,,,f,,357,434,1
430,2017-03-10 11:52:09.355576,,,,,,f,,403,435,1
431,2017-03-10 11:56:00.366993,,,,,,f,,403,436,1
434,2017-03-10 12:02:21.289887,,,,,,f,,414,439,1
436,2017-03-10 12:07:05.284289,,,,,,f,,402,441,1
438,2017-03-10 12:13:47.865284,,,,,,f,,423,443,1
440,2017-03-10 12:15:54.372182,,,,,,f,,399,445,1
442,2017-03-10 12:18:03.547344,,,,,,f,,431,447,1
443,2017-03-10 12:20:13.05806,,,,,,f,,410,448,1
444,2017-03-10 12:21:11.913877,,,,,,f,,425,449,1
445,2017-03-10 12:21:39.963778,,,,,,f,,429,450,1
446,2017-03-10 12:24:40.690219,,,,,,f,,404,451,1
447,2017-03-10 12:27:51.714944,,,,,,f,,432,452,1
449,2017-03-10 12:34:22.802092,,,,,,f,,416,454,1
451,2017-03-10 12:38:06.341249,,,,,,f,,399,456,1
452,2017-03-10 12:40:31.527176,,,,,,f,,423,457,1
454,2017-03-10 12:44:19.778193,,,,,,f,,432,459,1
455,2017-03-10 12:44:51.753234,,,,,,f,,403,460,1
456,2017-03-10 12:45:09.742675,,,,,,f,,415,461,1
457,2017-03-10 12:47:52.847279,,,,,,f,,402,462,1
458,2017-03-10 12:48:20.942973,,,,,,f,,412,463,1
459,2017-03-10 12:49:21.381424,,,,,,f,,394,464,1
460,2017-03-10 12:50:09.434602,,,,,,f,,393,465,1
461,2017-03-10 12:50:38.332849,,,,,,f,,432,466,1
462,2017-03-10 12:52:07.094365,,,,,,f,,431,467,1
463,2017-03-10 12:52:28.553328,,,,,,f,,412,468,1
464,2017-03-10 12:53:18.733791,,,,,,f,,421,469,1
465,2017-03-10 12:59:27.064532,,,,,,f,,415,470,1
466,2017-03-10 12:59:36.757116,,,,,,f,,412,471,1
467,2017-03-10 13:00:48.280597,,,,,,f,,393,472,1
468,2017-03-10 13:05:29.865992,,,,,,f,,398,473,1
469,2017-03-10 13:09:10.870656,,,,,,f,,403,474,1
470,2017-03-10 13:14:53.130276,,,,,,f,,471,475,1
471,2017-03-10 13:15:24.817687,,,,,,f,,439,476,1
472,2017-03-10 13:16:12.817775,,,,,,f,,455,477,1
473,2017-03-10 13:16:49.624341,,,,,,f,,461,478,1
474,2017-03-10 13:17:40.523057,,,,,,f,,457,479,1
475,2017-03-10 13:21:19.613401,,,,,,f,,459,480,1
476,2017-03-10 13:21:48.099713,,,,,,f,,461,481,1
477,2017-03-10 13:24:02.175782,,,,,,f,,442,482,1
478,2017-03-10 13:24:28.177725,,,,,,f,,437,483,1
479,2017-03-10 13:25:43.361722,,,,,,f,,461,484,1
480,2017-03-10 13:29:13.375938,,,,,,f,,437,485,1
481,2017-03-10 13:30:34.522616,,,,,,f,,449,486,1
482,2017-03-10 13:33:56.982564,,,,,,f,,459,487,1
483,2017-03-10 13:34:29.038437,,,,,,f,,440,488,1
484,2017-03-10 13:34:39.446053,,,,,,f,,463,489,1
485,2017-03-10 13:42:58.5098,,,,,,f,,445,490,1
486,2017-03-10 13:43:27.488402,,,,,,f,,437,491,1
487,2017-03-10 13:44:07.599487,,,,,,f,,443,492,1
488,2017-03-10 13:45:21.229795,,,,,,f,,471,493,1
490,2017-03-10 13:49:05.179491,,,,,,f,,440,495,1
491,2017-03-10 13:49:14.696712,,,,,,f,,438,496,1
492,2017-03-10 13:52:13.027798,,,,,,f,,472,497,1
493,2017-03-10 13:52:21.940612,,,,,,f,,453,498,1
494,2017-03-10 13:53:43.637004,,,,,,f,,437,499,1
495,2017-03-10 13:54:26.247501,,,,,,f,,463,500,1
496,2017-03-10 13:56:00.637744,,,,,,f,,441,501,1
489,2017-03-10 13:48:08.202862,,,,,,t,2017-03-10 13:56:36.277685,457,494,1
497,2017-03-10 14:00:30.907262,,,,,,f,,457,502,1
498,2017-03-10 14:01:32.907412,,,,,,f,,465,503,1
499,2017-03-10 14:02:18.668885,,,,,,f,,474,504,1
500,2017-03-10 14:02:53.011592,,,,,,f,,443,505,1
502,2017-03-10 14:03:30.390415,,,,,,f,,440,507,1
503,2017-03-10 14:03:37.640592,,,,,,f,,442,508,1
504,2017-03-10 14:04:09.229701,,,,,,f,,461,509,1
505,2017-03-10 14:06:52.656091,,,,,,f,,465,510,1
506,2017-03-10 14:08:01.477053,,,,,,f,,436,511,1
507,2017-03-10 14:08:27.006676,,,,,,f,,449,512,1
508,2017-03-10 14:09:07.247553,,,,,,f,,443,513,1
501,2017-03-10 14:03:12.085504,,,,,,t,2017-03-10 14:09:15.166765,437,506,1
509,2017-03-10 14:14:06.633625,,,,,,f,,461,514,1
510,2017-03-10 14:14:29.431234,,,,,,f,,463,515,1
511,2017-03-10 14:15:25.486116,,,,,,f,,472,516,1
512,2017-03-10 14:25:23.394681,,,,,,f,,499,517,1
513,2017-03-10 14:26:24.533275,,,,,,f,,508,518,1
514,2017-03-10 14:26:40.379637,,,,,,f,,488,519,1
516,2017-03-10 14:29:32.084862,,,,,,f,,502,521,1
517,2017-03-10 14:32:48.70135,,,,,,f,,501,522,1
518,2017-03-10 14:32:52.595989,,,,,,f,,499,523,1
519,2017-03-10 14:34:41.030326,,,,,,f,,491,524,1
520,2017-03-10 14:34:44.175451,,,,,,f,,512,525,1
521,2017-03-10 14:36:02.229949,,,,,,f,,509,526,1
522,2017-03-10 14:38:04.293064,,,,,,f,,515,527,1
523,2017-03-10 14:41:36.941956,,,,,,f,,513,528,1
524,2017-03-10 14:41:57.4229,,,,,,f,,493,529,1
515,2017-03-10 14:28:08.247889,,,,,,t,2017-03-10 14:43:01.577135,513,520,1
525,2017-03-10 14:43:03.714515,,,,,,f,,496,530,1
526,2017-03-10 14:45:02.823637,,,,,,f,,502,531,1
527,2017-03-10 14:45:57.195773,,,,,,f,,496,532,1
528,2017-03-10 14:46:16.554232,,,,,,f,,482,533,1
529,2017-03-10 14:47:42.517522,,,,,,f,,480,534,1
530,2017-03-10 14:48:30.03884,,,,,,f,,504,535,1
531,2017-03-10 14:49:21.927021,,,,,,f,,491,536,1
532,2017-03-10 14:49:24.454525,,,,,,f,,510,537,1
533,2017-03-10 14:51:05.55341,,,,,,f,,485,538,1
534,2017-03-10 14:53:54.282858,,,,,,f,,485,539,1
535,2017-03-10 14:55:40.578898,,,,,,f,,512,540,1
536,2017-03-10 14:57:45.709598,,,,,,f,,500,541,1
537,2017-03-10 15:00:57.120408,,,,,,f,,480,542,1
538,2017-03-10 15:02:17.223382,,,,,,f,,479,543,1
541,2017-03-10 15:06:07.869892,,,,,,f,,514,546,1
543,2017-03-10 15:13:08.193529,,,,,,f,,499,548,1
539,2017-03-10 15:03:43.422295,,,,,,t,2017-03-10 15:16:00.450618,513,544,1
544,2017-03-10 15:15:05.454608,,,,,,t,2017-03-10 15:32:37.56672,481,549,1
540,2017-03-10 15:05:47.954751,,,,,,f,,492,545,1
542,2017-03-10 15:10:29.835196,,,,,,f,,480,547,1
545,2017-03-10 15:19:31.158468,,,,,,f,,485,550,1
546,2017-03-10 15:20:50.639356,,,,,,f,,487,551,1
547,2017-03-10 15:21:06.876507,,,,,,f,,516,552,1
548,2017-03-10 15:22:15.697737,,,,,,f,,509,553,1
550,2017-03-10 15:23:13.441603,,,,,,f,,484,555,1
551,2017-03-10 15:25:25.493727,,,,,,f,,483,556,1
552,2017-03-10 15:28:04.719815,,,,,,f,,482,557,1
549,2017-03-10 15:23:10.19751,,,,,,t,2017-03-10 15:30:07.137006,480,554,1
553,2017-03-10 15:32:19.257188,,,,,,f,,492,558,1
554,2017-03-10 15:50:51.844036,,,,,,f,,480,559,1
555,2017-03-10 15:55:42.530347,,,,,,f,,502,560,1
556,2017-03-10 16:07:53.775819,,,,,,f,,560,561,1
557,2017-03-10 16:10:22.31697,,,,,,f,,530,562,1
558,2017-03-10 16:12:06.513551,,,,,,f,,534,563,1
559,2017-03-10 16:13:36.455816,,,,,,f,,548,564,1
560,2017-03-10 16:14:08.272343,,,,,,f,,518,565,1
562,2017-03-10 16:16:34.818288,,,,,,f,,528,567,1
561,2017-03-10 16:15:23.483543,,,,,,t,2017-03-10 16:17:50.693289,535,566,1
563,2017-03-10 16:21:01.272346,,,,,,f,,547,568,1
564,2017-03-10 16:22:30.655969,,,,,,f,,551,569,1
565,2017-03-10 16:24:09.138495,,,,,,f,,537,570,1
566,2017-03-10 16:24:40.302132,,,,,,f,,518,571,1
567,2017-03-10 16:26:09.719873,,,,,,f,,535,572,1
568,2017-03-10 16:34:56.79838,,,,,,f,,530,573,1
569,2017-03-10 16:38:04.49254,,,,,,f,,546,574,1
570,2017-03-10 16:47:59.178701,,,,,,f,,537,575,1
571,2017-03-10 16:49:39.993072,,,,,,f,,546,576,1
572,2017-03-10 16:49:45.030698,,,,,,f,,535,577,1
573,2017-03-10 16:51:46.616131,,,,,,f,,550,578,1
574,2017-03-10 16:52:00.572608,,,,,,f,,533,579,1
575,2017-03-10 16:52:59.853959,,,,,,f,,558,580,1
577,2017-03-10 16:56:36.900687,,,,,,f,,558,582,1
578,2017-03-10 16:58:27.342496,,,,,,f,,538,583,1
579,2017-03-10 16:58:36.765321,,,,,,f,,517,584,1
580,2017-03-10 16:59:46.807173,,,,,,f,,547,585,1
581,2017-03-10 17:00:47.404498,,,,,,f,,560,586,1
582,2017-03-10 17:00:59.1945,,,,,,f,,523,587,1
576,2017-03-10 16:54:44.236087,,,,,,t,2017-03-10 17:02:16.46688,553,581,1
583,2017-03-10 17:03:07.148608,,,,,,f,,548,588,1
584,2017-03-10 17:04:27.630745,,,,,,f,,551,589,1
585,2017-03-10 17:14:53.483561,,,,,,f,,533,590,1
586,2017-03-10 17:16:21.680615,,,,,,f,,518,591,1
587,2017-03-10 17:20:11.720002,,,,,,f,,531,592,1
588,2017-03-10 17:24:51.687074,,,,,,f,,530,593,1
589,2017-03-10 17:26:51.692504,,,,,,f,,538,594,1
590,2017-03-10 17:27:50.956944,,,,,,f,,548,595,1
591,2017-03-10 17:28:11.171896,,,,,,f,,521,596,1
592,2017-03-10 17:29:16.521037,,,,,,f,,548,597,1
593,2017-03-10 17:34:12.021637,,,,,,f,,538,598,1
594,2017-03-10 17:34:15.019747,,,,,,f,,535,599,1
596,2017-03-10 17:38:32.467337,,,,,,f,,543,601,1
597,2017-03-10 17:43:23.839539,,,,,,f,,527,602,1
595,2017-03-10 17:34:54.756566,,,,,,t,2017-03-10 17:43:52.641464,524,600,1
598,2017-03-10 17:45:25.342781,,,,,,f,,538,603,1
599,2017-03-10 17:53:59.526027,,,,,,f,,599,604,1
600,2017-03-10 17:54:09.979389,,,,,,f,,589,605,1
601,2017-03-10 17:56:40.213146,,,,,,f,,578,606,1
602,2017-03-10 17:57:10.185543,,,,,,f,,603,607,1
603,2017-03-10 17:57:48.694492,,,,,,f,,565,608,1
604,2017-03-10 17:59:04.746178,,,,,,f,,595,609,1
605,2017-03-10 18:01:00.607302,,,,,,f,,564,610,1
606,2017-03-10 18:06:18.499901,,,,,,f,,601,611,1
607,2017-03-10 18:11:14.005162,,,,,,f,,599,612,1
609,2017-03-10 18:12:30.815196,,,,,,f,,577,614,1
610,2017-03-10 18:12:41.157319,,,,,,f,,571,615,1
612,2017-03-10 18:13:15.773431,,,,,,f,,601,617,1
608,2017-03-10 18:11:57.064144,,,,,,t,2017-03-10 18:15:13.330742,580,613,1
613,2017-03-10 18:15:26.470164,,,,,,f,,572,618,1
614,2017-03-10 18:17:28.606063,,,,,,f,,599,619,1
615,2017-03-10 18:17:51.23655,,,,,,f,,573,620,1
616,2017-03-10 18:18:02.548518,,,,,,f,,567,621,1
611,2017-03-10 18:13:03.582597,,,,,,t,2017-03-10 18:18:04.788127,570,616,1
617,2017-03-10 18:18:10.692894,,,,,,f,,561,622,1
618,2017-03-10 18:21:07.194465,,,,,,f,,597,623,1
619,2017-03-10 18:22:53.120436,,,,,,f,,564,624,1
620,2017-03-10 18:23:40.322272,,,,,,f,,602,625,1
621,2017-03-10 18:23:41.803493,,,,,,f,,562,626,1
622,2017-03-10 18:24:20.834437,,,,,,f,,592,627,1
623,2017-03-10 18:25:16.467224,,,,,,f,,601,628,1
624,2017-03-10 18:27:49.622457,,,,,,f,,598,629,1
625,2017-03-10 18:30:08.337742,,,,,,f,,597,630,1
627,2017-03-10 18:32:28.934414,,,,,,f,,601,632,1
628,2017-03-10 18:34:14.428604,,,,,,f,,602,633,1
629,2017-03-10 18:34:40.903289,,,,,,f,,561,634,1
630,2017-03-10 18:36:22.568057,,,,,,f,,577,635,1
631,2017-03-10 18:39:16.414263,,,,,,f,,601,636,1
632,2017-03-10 18:40:10.8449,,,,,,f,,562,637,1
633,2017-03-10 18:41:45.566338,,,,,,f,,580,638,1
634,2017-03-10 18:42:34.047141,,,,,,f,,578,639,1
636,2017-03-10 18:47:48.053993,,,,,,f,,594,641,1
626,2017-03-10 18:32:14.497744,,,,,,t,2017-03-10 18:47:50.801849,599,631,1
637,2017-03-10 18:50:14.736128,,,,,,f,,565,642,1
638,2017-03-10 18:50:23.514097,,,,,,f,,572,643,1
639,2017-03-10 18:54:51.8346,,,,,,f,,572,644,1
640,2017-03-10 18:59:43.461735,,,,,,f,,603,645,1
635,2017-03-10 18:46:43.048812,,,,,,t,2017-03-10 19:03:31.713104,592,640,1
641,2017-03-10 19:04:35.38357,,,,,,f,,572,646,1
642,2017-03-10 19:06:31.87988,,,,,,f,,597,647,1
643,2017-03-10 19:16:25.501566,,,,,,f,,635,648,1
644,2017-03-10 19:18:43.983075,,,,,,f,,638,649,1
645,2017-03-10 19:18:55.279294,,,,,,f,,626,650,1
646,2017-03-10 19:19:39.602053,,,,,,f,,608,651,1
647,2017-03-10 19:21:30.855936,,,,,,f,,643,652,1
648,2017-03-10 19:23:59.429786,,,,,,f,,620,653,1
649,2017-03-10 19:26:08.854034,,,,,,f,,643,654,1
650,2017-03-10 19:26:45.339836,,,,,,f,,609,655,1
651,2017-03-10 19:29:32.50264,,,,,,f,,639,656,1
653,2017-03-10 19:32:25.365329,,,,,,f,,607,658,1
654,2017-03-10 19:33:18.481657,,,,,,f,,637,659,1
655,2017-03-10 19:33:45.022749,,,,,,f,,646,660,1
652,2017-03-10 19:30:03.003236,,,,,,t,2017-03-10 19:34:31.896226,629,657,1
656,2017-03-10 19:34:56.151008,,,,,,f,,618,661,1
657,2017-03-10 19:35:31.402475,,,,,,f,,610,662,1
658,2017-03-10 19:35:42.866021,,,,,,f,,627,663,1
659,2017-03-10 19:37:00.238306,,,,,,f,,641,664,1
660,2017-03-10 19:37:54.40053,,,,,,f,,647,665,1
661,2017-03-10 19:39:49.249147,,,,,,f,,629,666,1
662,2017-03-10 19:41:35.921278,,,,,,f,,630,667,1
663,2017-03-10 19:43:48.172775,,,,,,f,,647,668,1
665,2017-03-10 19:47:09.405902,,,,,,f,,641,670,1
667,2017-03-10 19:48:00.26783,,,,,,f,,634,672,1
674,2017-03-10 20:05:00.617611,,,,,,f,,609,679,1
675,2017-03-10 20:13:53.460376,,,,,,f,,632,680,1
677,2017-03-10 20:21:20.658349,,,,,,f,,620,682,1
678,2017-03-10 20:24:45.317116,,,,,,f,,641,683,1
682,2017-03-10 20:37:46.302096,,,,,,f,,627,687,1
687,2017-03-10 20:58:53.766747,,,,,,f,,678,692,1
688,2017-03-10 21:03:18.174701,,,,,,t,2017-03-10 21:12:08.353518,664,693,1
689,2017-03-10 21:07:01.348785,,,,,,t,2017-03-10 21:13:03.249153,679,694,1
691,2017-03-10 21:16:52.814907,,,,,,f,,684,696,1
693,2017-03-10 21:20:38.615103,,,,,,f,,658,698,1
701,2017-03-10 21:49:17.75048,,,,,,f,,670,706,1
705,2017-03-10 21:58:03.675165,,,,,,f,,668,710,1
706,2017-03-10 21:58:39.992966,,,,,,f,,680,711,1
707,2017-03-10 22:08:40.893274,,,,,,f,,668,712,1
708,2017-03-10 22:14:12.423141,,,,,,f,,656,713,1
709,2017-03-10 22:16:28.04108,,,,,,f,,684,714,1
711,2017-03-10 22:23:34.14684,,,,,,f,,686,716,1
712,2017-03-10 22:25:22.746707,,,,,,f,,656,717,1
715,2017-03-10 22:49:38.03496,,,,,,f,,686,720,1
716,2017-03-10 22:53:08.46686,,,,,,f,,678,721,1
717,2017-03-10 22:59:06.588424,,,,,,f,,671,722,1
719,2017-03-10 23:05:03.069487,,,,,,f,,676,724,1
721,2017-03-10 23:06:26.08988,,,,,,f,,688,726,1
722,2017-03-10 23:18:59.832915,,,,,,f,,649,727,1
723,2017-03-10 23:24:37.916518,,,,,,f,,682,728,1
725,2017-03-10 23:27:00.836944,,,,,,f,,652,730,1
726,2017-03-10 23:35:20.176403,,,,,,f,,701,731,1
727,2017-03-10 23:41:59.705002,,,,,,f,,721,732,1
729,2017-03-10 23:45:38.813498,,,,,,t,2017-03-10 23:48:30.602369,703,734,1
730,2017-03-10 23:54:29.990271,,,,,,f,,700,735,1
732,2017-03-10 23:57:54.230102,,,,,,f,,712,737,1
734,2017-03-11 00:04:02.102165,,,,,,f,,715,739,1
735,2017-03-11 00:05:26.639677,,,,,,t,2017-03-11 00:10:22.106353,701,740,1
736,2017-03-11 00:13:27.843092,,,,,,t,2017-03-11 00:13:56.903219,698,741,1
737,2017-03-11 00:14:50.102803,,,,,,f,,704,742,1
738,2017-03-11 00:17:47.348082,,,,,,f,,703,743,1
740,2017-03-11 00:21:57.553061,,,,,,f,,698,745,1
741,2017-03-11 00:24:19.338705,,,,,,f,,698,746,1
745,2017-03-11 00:42:03.544704,,,,,,f,,703,750,1
664,2017-03-10 19:44:48.388792,,,,,,f,,621,669,1
666,2017-03-10 19:47:43.474562,,,,,,f,,647,671,1
668,2017-03-10 19:50:32.759989,,,,,,f,,620,673,1
669,2017-03-10 19:50:47.649409,,,,,,f,,645,674,1
670,2017-03-10 19:53:55.103061,,,,,,f,,618,675,1
671,2017-03-10 19:58:12.138769,,,,,,f,,638,676,1
672,2017-03-10 20:00:10.909556,,,,,,f,,610,677,1
673,2017-03-10 20:02:37.174445,,,,,,f,,606,678,1
676,2017-03-10 20:18:25.98539,,,,,,f,,617,681,1
679,2017-03-10 20:27:03.143274,,,,,,f,,639,684,1
680,2017-03-10 20:28:13.535729,,,,,,f,,628,685,1
681,2017-03-10 20:36:01.839229,,,,,,f,,647,686,1
683,2017-03-10 20:37:53.511632,,,,,,f,,622,688,1
684,2017-03-10 20:52:44.572617,,,,,,f,,686,689,1
685,2017-03-10 20:53:34.082443,,,,,,f,,659,690,1
686,2017-03-10 20:54:09.8431,,,,,,f,,648,691,1
690,2017-03-10 21:12:45.807625,,,,,,f,,672,695,1
692,2017-03-10 21:17:27.636472,,,,,,f,,680,697,1
694,2017-03-10 21:26:04.985779,,,,,,f,,652,699,1
695,2017-03-10 21:26:08.102838,,,,,,f,,671,700,1
696,2017-03-10 21:28:52.242438,,,,,,f,,668,701,1
697,2017-03-10 21:32:29.206361,,,,,,f,,668,702,1
698,2017-03-10 21:36:39.918662,,,,,,f,,675,703,1
699,2017-03-10 21:39:33.104805,,,,,,f,,666,704,1
700,2017-03-10 21:40:09.144685,,,,,,f,,674,705,1
702,2017-03-10 21:49:36.994736,,,,,,f,,678,707,1
703,2017-03-10 21:51:51.382585,,,,,,f,,653,708,1
704,2017-03-10 21:52:00.571876,,,,,,f,,672,709,1
710,2017-03-10 22:16:59.272827,,,,,,f,,669,715,1
713,2017-03-10 22:28:47.245442,,,,,,f,,653,718,1
714,2017-03-10 22:38:23.477965,,,,,,f,,655,719,1
718,2017-03-10 23:05:00.54422,,,,,,f,,652,723,1
720,2017-03-10 23:05:46.636779,,,,,,f,,659,725,1
724,2017-03-10 23:25:59.643826,,,,,,f,,678,729,1
728,2017-03-10 23:43:34.640229,,,,,,f,,692,733,1
731,2017-03-10 23:56:05.395538,,,,,,f,,703,736,1
733,2017-03-11 00:02:09.63895,,,,,,f,,725,738,1
739,2017-03-11 00:18:13.828666,,,,,,f,,692,744,1
742,2017-03-11 00:32:52.290776,,,,,,f,,699,747,1
743,2017-03-11 00:40:43.549232,,,,,,f,,715,748,1
744,2017-03-11 00:40:55.151629,,,,,,f,,691,749,1
746,2017-03-11 00:47:12.330625,,,,,,f,,705,751,1
747,2017-03-11 00:49:30.551578,,,,,,t,2017-03-11 00:50:36.346305,720,752,1
748,2017-03-11 01:00:49.198737,,,,,,f,,713,753,1
749,2017-03-11 01:01:21.590783,,,,,,f,,706,754,1
750,2017-03-11 01:02:03.579251,,,,,,f,,697,755,1
751,2017-03-11 01:02:28.570692,,,,,,t,2017-03-11 01:05:46.303234,697,756,1
752,2017-03-11 01:10:36.050471,,,,,,f,,714,757,1
753,2017-03-11 01:12:10.583192,,,,,,f,,708,758,1
754,2017-03-11 01:14:20.627201,,,,,,f,,717,759,1
755,2017-03-11 01:16:21.673253,,,,,,f,,695,760,1
756,2017-03-11 01:18:27.254161,,,,,,f,,701,761,1
757,2017-03-11 01:20:40.225128,,,,,,f,,713,762,1
758,2017-03-11 01:31:19.340643,,,,,,f,,713,763,1
759,2017-03-11 01:33:51.402821,,,,,,f,,698,764,1
760,2017-03-11 01:35:08.979047,,,,,,f,,692,765,1
761,2017-03-11 01:37:45.69566,,,,,,f,,701,766,1
762,2017-03-11 01:39:47.43597,,,,,,f,,725,767,1
763,2017-03-11 01:47:00.758182,,,,,,f,,701,768,1
764,2017-03-11 01:50:16.112525,,,,,,f,,716,769,1
765,2017-03-11 01:53:01.295266,,,,,,f,,698,770,1
766,2017-03-11 01:55:13.292374,,,,,,f,,713,771,1
768,2017-03-11 01:59:41.366334,,,,,,f,,725,773,1
769,2017-03-11 02:02:39.742044,,,,,,f,,692,774,1
770,2017-03-11 02:02:46.232365,,,,,,f,,698,775,1
767,2017-03-11 01:59:34.331985,,,,,,t,2017-03-11 02:17:29.778268,701,772,1
771,2017-03-11 02:22:21.689316,,,,,,f,,711,776,1
772,2017-03-11 02:35:53.569692,,,,,,f,,766,777,1
773,2017-03-11 02:41:04.906899,,,,,,f,,750,778,1
774,2017-03-11 02:42:12.322723,,,,,,f,,757,779,1
775,2017-03-11 02:43:11.48848,,,,,,f,,759,780,1
776,2017-03-11 02:44:15.216808,,,,,,f,,733,781,1
778,2017-03-11 02:49:57.385325,,,,,,f,,757,783,1
779,2017-03-11 02:50:30.053585,,,,,,f,,735,784,1
780,2017-03-11 02:51:43.496281,,,,,,f,,759,785,1
781,2017-03-11 02:54:40.58921,,,,,,f,,761,786,1
782,2017-03-11 02:55:14.617531,,,,,,f,,759,787,1
777,2017-03-11 02:45:29.156906,,,,,,t,2017-03-11 02:57:49.750255,737,782,1
783,2017-03-11 02:58:13.565247,,,,,,f,,754,788,1
784,2017-03-11 03:00:51.091147,,,,,,f,,766,789,1
785,2017-03-11 03:04:10.961011,,,,,,f,,761,790,1
786,2017-03-11 03:10:06.44177,,,,,,f,,776,791,1
787,2017-03-11 03:11:44.567117,,,,,,f,,743,792,1
788,2017-03-11 03:12:13.253599,,,,,,f,,769,793,1
789,2017-03-11 03:16:26.090766,,,,,,f,,760,794,1
790,2017-03-11 03:17:20.60082,,,,,,f,,732,795,1
792,2017-03-11 03:20:42.551327,,,,,,f,,757,797,1
791,2017-03-11 03:18:55.622769,,,,,,t,2017-03-11 03:23:43.538433,759,796,1
793,2017-03-11 03:25:45.726879,,,,,,f,,738,798,1
794,2017-03-11 03:28:07.123974,,,,,,f,,742,799,1
795,2017-03-11 03:36:10.867901,,,,,,f,,745,800,1
796,2017-03-11 03:37:29.992525,,,,,,f,,744,801,1
797,2017-03-11 03:37:33.526399,,,,,,f,,742,802,1
798,2017-03-11 03:37:48.932955,,,,,,f,,742,803,1
799,2017-03-11 03:38:37.250628,,,,,,f,,753,804,1
801,2017-03-11 03:38:55.701156,,,,,,f,,745,806,1
802,2017-03-11 03:39:09.544949,,,,,,f,,736,807,1
803,2017-03-11 03:41:01.482925,,,,,,f,,755,808,1
804,2017-03-11 03:41:02.267831,,,,,,f,,746,809,1
805,2017-03-11 03:43:20.314937,,,,,,f,,760,810,1
806,2017-03-11 03:43:28.581987,,,,,,f,,771,811,1
800,2017-03-11 03:38:46.173942,,,,,,t,2017-03-11 03:45:07.032533,754,805,1
807,2017-03-11 03:45:45.668479,,,,,,f,,767,812,1
808,2017-03-11 03:46:59.721979,,,,,,f,,760,813,1
809,2017-03-11 03:47:14.454576,,,,,,f,,769,814,1
810,2017-03-11 03:48:27.94512,,,,,,f,,732,815,1
811,2017-03-11 03:50:07.708812,,,,,,f,,743,816,1
812,2017-03-11 03:50:45.058934,,,,,,f,,736,817,1
813,2017-03-11 03:53:11.045262,,,,,,f,,751,818,1
814,2017-03-11 03:55:05.078536,,,,,,f,,763,819,1
815,2017-03-11 04:03:36.221072,,,,,,f,,818,820,1
816,2017-03-11 04:03:45.570193,,,,,,f,,817,821,1
817,2017-03-11 04:06:26.418983,,,,,,f,,814,822,1
818,2017-03-11 04:06:42.576421,,,,,,f,,813,823,1
819,2017-03-11 04:12:24.620126,,,,,,f,,793,824,1
820,2017-03-11 04:15:01.406815,,,,,,f,,787,825,1
821,2017-03-11 04:18:23.803358,,,,,,f,,777,826,1
822,2017-03-11 04:20:55.489765,,,,,,f,,803,827,1
823,2017-03-11 04:22:24.125286,,,,,,f,,785,828,1
824,2017-03-11 04:26:49.095592,,,,,,f,,790,829,1
825,2017-03-11 04:32:08.801558,,,,,,f,,799,830,1
828,2017-03-11 04:39:39.644868,,,,,,f,,806,833,1
829,2017-03-11 04:45:51.837061,,,,,,f,,815,834,1
830,2017-03-11 04:48:06.1443,,,,,,f,,790,835,1
831,2017-03-11 04:49:34.635921,,,,,,f,,815,836,1
836,2017-03-11 05:27:17.67465,,,,,,f,,798,841,1
838,2017-03-11 05:34:21.366909,,,,,,f,,781,843,1
842,2017-03-11 05:43:32.253167,,,,,,f,,787,847,1
843,2017-03-11 05:44:46.933705,,,,,,f,,801,848,1
844,2017-03-11 05:50:00.306522,,,,,,f,,814,849,1
846,2017-03-11 05:58:25.047167,,,,,,f,,790,851,1
847,2017-03-11 06:04:09.248876,,,,,,f,,786,852,1
848,2017-03-11 06:04:13.875878,,,,,,f,,819,853,1
849,2017-03-11 06:07:05.294922,,,,,,f,,780,854,1
850,2017-03-11 06:10:17.081722,,,,,,f,,787,855,1
854,2017-03-11 06:20:02.019601,,,,,,f,,809,859,1
855,2017-03-11 06:23:25.621939,,,,,,f,,801,860,1
857,2017-03-11 06:32:28.623225,,,,,,f,,786,862,1
860,2017-03-11 06:59:14.759177,,,,,,f,,828,865,1
865,2017-03-11 07:30:23.962797,,,,,,f,,820,870,1
866,2017-03-11 07:47:51.488146,,,,,,f,,859,871,1
867,2017-03-11 08:07:17.575291,,,,,,f,,850,872,1
826,2017-03-11 04:37:15.366829,,,,,,f,,800,831,1
827,2017-03-11 04:37:31.671655,,,,,,f,,815,832,1
832,2017-03-11 04:49:45.108142,,,,,,f,,807,837,1
833,2017-03-11 04:56:47.700505,,,,,,t,2017-03-11 04:58:09.984464,780,838,1
834,2017-03-11 05:22:28.433131,,,,,,f,,781,839,1
835,2017-03-11 05:24:54.703653,,,,,,f,,780,840,1
837,2017-03-11 05:33:02.761189,,,,,,f,,810,842,1
840,2017-03-11 05:36:30.612338,,,,,,f,,807,845,1
841,2017-03-11 05:36:39.988629,,,,,,f,,777,846,1
839,2017-03-11 05:35:15.816463,,,,,,t,2017-03-11 05:48:09.507462,804,844,1
845,2017-03-11 05:54:22.670416,,,,,,f,,784,850,1
851,2017-03-11 06:12:01.47896,,,,,,f,,779,856,1
853,2017-03-11 06:19:40.358295,,,,,,f,,798,858,1
852,2017-03-11 06:12:53.610328,,,,,,t,2017-03-11 06:20:40.084222,803,857,1
856,2017-03-11 06:26:06.209704,,,,,,f,,813,861,1
858,2017-03-11 06:51:51.925402,,,,,,f,,828,863,1
859,2017-03-11 06:53:25.278747,,,,,,f,,830,864,1
861,2017-03-11 07:08:23.085165,,,,,,f,,854,866,1
862,2017-03-11 07:09:31.264544,,,,,,f,,829,867,1
863,2017-03-11 07:25:33.697871,,,,,,f,,860,868,1
864,2017-03-11 07:25:50.678082,,,,,,f,,833,869,1
868,2017-03-11 08:12:07.26023,,,,,,f,,847,873,1
869,2017-03-11 08:16:03.443808,,,,,,f,,855,874,1
870,2017-03-11 08:31:16.525904,,,,,,f,,829,875,1
871,2017-03-11 08:34:14.451665,,,,,,f,,860,876,1
872,2017-03-11 08:36:31.501229,,,,,,f,,821,877,1
874,2017-03-11 08:41:52.611138,,,,,,f,,847,879,1
873,2017-03-11 08:40:43.588279,,,,,,t,2017-03-11 08:46:01.720429,840,878,1
875,2017-03-11 08:56:30.005306,,,,,,f,,828,880,1
876,2017-03-11 08:58:54.514947,,,,,,f,,833,881,1
877,2017-03-11 09:04:08.290164,,,,,,f,,824,882,1
878,2017-03-11 09:34:50.723058,,,,,,f,,843,883,1
880,2017-03-11 09:42:25.304353,,,,,,f,,852,885,1
879,2017-03-11 09:35:20.307918,,,,,,t,2017-03-11 09:43:12.938381,836,884,1
881,2017-03-11 09:52:30.892185,,,,,,f,,856,886,1
882,2017-03-11 09:54:36.234423,,,,,,f,,828,887,1
883,2017-03-11 09:57:54.198818,,,,,,f,,855,888,1
884,2017-03-11 09:58:37.26931,,,,,,f,,822,889,1
885,2017-03-11 10:12:19.285981,,,,,,f,,853,890,1
886,2017-03-11 10:25:29.945798,,,,,,f,,837,891,1
887,2017-03-11 10:30:26.281748,,,,,,f,,849,892,1
888,2017-03-11 10:53:29.431705,,,,,,f,,828,893,1
889,2017-03-11 11:00:02.720285,,,,,,t,2017-03-11 11:06:57.36365,822,894,1
890,2017-03-11 11:10:42.890896,,,,,,f,,842,895,1
891,2017-03-11 11:11:11.707334,,,,,,t,2017-03-11 11:17:09.086345,850,896,1
892,2017-03-11 11:21:35.300698,,,,,,f,,855,897,1
893,2017-03-11 11:23:47.470515,,,,,,t,2017-03-11 11:27:09.716102,845,898,1
894,2017-03-11 11:27:49.403399,,,,,,f,,834,899,1
895,2017-03-11 11:29:59.41122,,,,,,f,,853,900,1
896,2017-03-11 11:33:10.491655,,,,,,f,,846,901,1
897,2017-03-11 12:08:02.176555,,,,,,f,,842,902,1
898,2017-03-11 12:18:57.692421,,,,,,f,,822,903,1
899,2017-03-11 12:28:18.498304,,,,,,f,,854,904,1
900,2017-03-11 12:33:16.101463,,,,,,f,,824,905,1
901,2017-03-11 12:42:21.547385,,,,,,f,,859,906,1
902,2017-03-11 13:15:43.222513,,,,,,f,,828,907,1
903,2017-03-11 13:42:48.633803,,,,,,f,,895,908,1
904,2017-03-11 13:48:29.131953,,,,,,f,,868,909,1
905,2017-03-11 13:55:42.977928,,,,,,f,,895,910,1
906,2017-03-11 14:00:29.683798,,,,,,f,,899,911,1
907,2017-03-11 14:07:32.655281,,,,,,f,,903,912,1
908,2017-03-11 14:17:04.47017,,,,,,f,,870,913,1
909,2017-03-11 14:19:45.082404,,,,,,f,,880,914,1
910,2017-03-11 14:28:28.550546,,,,,,f,,904,915,1
911,2017-03-11 14:30:24.093814,,,,,,f,,875,916,1
912,2017-03-11 14:32:33.662903,,,,,,f,,880,917,1
913,2017-03-11 14:33:15.025703,,,,,,f,,863,918,1
914,2017-03-11 14:33:19.51042,,,,,,f,,895,919,1
915,2017-03-11 14:35:21.348028,,,,,,f,,882,920,1
917,2017-03-11 15:04:33.053475,,,,,,f,,904,922,1
918,2017-03-11 15:08:57.456468,,,,,,f,,907,923,1
916,2017-03-11 14:54:12.041257,,,,,,t,2017-03-11 15:10:02.619746,899,921,1
919,2017-03-11 15:23:24.722487,,,,,,f,,906,924,1
920,2017-03-11 15:23:26.274755,,,,,,f,,904,925,1
921,2017-03-11 15:24:41.009681,,,,,,f,,873,926,1
922,2017-03-11 15:34:17.291947,,,,,,f,,892,927,1
923,2017-03-11 15:34:29.591658,,,,,,f,,901,928,1
924,2017-03-11 15:39:18.905105,,,,,,f,,890,929,1
925,2017-03-11 15:40:33.87018,,,,,,f,,867,930,1
926,2017-03-11 15:42:55.769564,,,,,,f,,895,931,1
927,2017-03-11 15:43:50.604589,,,,,,f,,875,932,1
928,2017-03-11 15:45:42.423157,,,,,,f,,890,933,1
929,2017-03-11 15:50:56.985558,,,,,,f,,873,934,1
930,2017-03-11 15:52:12.212405,,,,,,f,,893,935,1
931,2017-03-11 15:58:36.182204,,,,,,f,,888,936,1
932,2017-03-11 15:59:59.774706,,,,,,f,,879,937,1
933,2017-03-11 16:01:24.007917,,,,,,f,,903,938,1
934,2017-03-11 16:02:05.698489,,,,,,f,,903,939,1
935,2017-03-11 16:05:51.017265,,,,,,f,,887,940,1
936,2017-03-11 16:08:27.865941,,,,,,f,,906,941,1
937,2017-03-11 16:13:19.563405,,,,,,f,,899,942,1
938,2017-03-11 16:14:22.522676,,,,,,f,,899,943,1
939,2017-03-11 16:14:49.35484,,,,,,f,,879,944,1
940,2017-03-11 16:18:02.555234,,,,,,f,,907,945,1
941,2017-03-11 16:20:15.876947,,,,,,f,,872,946,1
942,2017-03-11 16:21:23.142382,,,,,,f,,879,947,1
943,2017-03-11 16:26:42.138029,,,,,,f,,907,948,1
944,2017-03-11 16:34:20.403779,,,,,,f,,941,949,1
945,2017-03-11 16:39:09.558599,,,,,,f,,937,950,1
946,2017-03-11 16:40:52.757389,,,,,,f,,919,951,1
947,2017-03-11 16:43:59.562756,,,,,,f,,931,952,1
948,2017-03-11 16:45:25.258167,,,,,,f,,942,953,1
949,2017-03-11 16:50:27.460379,,,,,,f,,943,954,1
950,2017-03-11 16:54:46.685455,,,,,,f,,911,955,1
951,2017-03-11 16:57:26.562265,,,,,,f,,938,956,1
952,2017-03-11 16:57:39.006575,,,,,,f,,917,957,1
953,2017-03-11 17:05:49.923102,,,,,,f,,926,958,1
954,2017-03-11 17:09:49.072376,,,,,,f,,918,959,1
955,2017-03-11 17:15:13.637244,,,,,,f,,932,960,1
956,2017-03-11 17:26:39.540469,,,,,,f,,923,961,1
957,2017-03-11 17:29:46.482371,,,,,,f,,945,962,1
958,2017-03-11 17:32:54.229842,,,,,,f,,935,963,1
959,2017-03-11 17:35:40.888255,,,,,,f,,939,964,1
960,2017-03-11 17:37:06.389973,,,,,,f,,914,965,1
961,2017-03-11 17:39:03.007635,,,,,,f,,928,966,1
962,2017-03-11 17:55:18.220424,,,,,,f,,913,967,1
966,2017-03-11 18:15:00.624669,,,,,,f,,933,971,1
964,2017-03-11 18:03:07.696738,,,,,,f,,948,969,1
963,2017-03-11 17:56:50.39504,,,,,,t,2017-03-11 18:04:18.431244,933,968,1
965,2017-03-11 18:13:21.045389,,,,,,f,,940,970,1
973,2017-03-11 18:57:32.235018,,,,,,f,,937,978,1
974,2017-03-11 18:59:04.726942,,,,,,f,,944,979,1
980,2017-03-11 19:34:29.348099,,,,,,f,,923,985,1
981,2017-03-11 19:34:34.050949,,,,,,f,,938,986,1
984,2017-03-11 19:47:01.752807,,,,,,f,,909,989,1
986,2017-03-11 19:50:29.772303,,,,,,f,,913,991,1
988,2017-03-11 20:06:52.676746,,,,,,f,,985,993,1
989,2017-03-11 20:07:41.686395,,,,,,f,,984,994,1
990,2017-03-11 20:08:37.441351,,,,,,f,,974,995,1
992,2017-03-11 20:13:39.407603,,,,,,f,,973,997,1
993,2017-03-11 20:19:53.800706,,,,,,f,,989,998,1
995,2017-03-11 20:25:41.465799,,,,,,f,,955,1000,1
967,2017-03-11 18:16:43.280757,,,,,,t,2017-03-11 18:22:10.238102,943,972,1
968,2017-03-11 18:22:12.116976,,,,,,f,,918,973,1
969,2017-03-11 18:25:03.073985,,,,,,f,,912,974,1
970,2017-03-11 18:31:27.742898,,,,,,f,,923,975,1
971,2017-03-11 18:40:43.059414,,,,,,f,,919,976,1
972,2017-03-11 18:54:36.215759,,,,,,f,,916,977,1
975,2017-03-11 19:14:50.692446,,,,,,f,,945,980,1
976,2017-03-11 19:16:18.199204,,,,,,f,,944,981,1
977,2017-03-11 19:16:41.574333,,,,,,t,2017-03-11 19:22:23.449057,920,982,1
978,2017-03-11 19:22:57.509479,,,,,,f,,940,983,1
979,2017-03-11 19:26:46.586973,,,,,,f,,932,984,1
982,2017-03-11 19:36:48.082265,,,,,,f,,922,987,1
983,2017-03-11 19:38:22.549926,,,,,,f,,945,988,1
985,2017-03-11 19:50:01.745958,,,,,,f,,931,990,1
987,2017-03-11 20:03:02.282143,,,,,,f,,987,992,1
991,2017-03-11 20:13:05.363376,,,,,,f,,976,996,1
994,2017-03-11 20:22:33.798857,,,,,,f,,964,999,1
996,2017-03-11 20:30:51.558034,,,,,,f,,955,1001,1
997,2017-03-11 20:33:28.901904,,,,,,f,,973,1002,1
998,2017-03-11 20:38:12.737495,,,,,,f,,987,1003,1
999,2017-03-11 20:40:34.222923,,,,,,f,,954,1004,1
1000,2017-03-11 20:40:41.966408,,,,,,f,,974,1005,1
1002,2017-03-11 20:44:33.042197,,,,,,f,,981,1007,1
1003,2017-03-11 20:50:52.340241,,,,,,f,,951,1008,1
1004,2017-03-11 20:51:52.218619,,,,,,f,,987,1009,1
1005,2017-03-11 20:52:23.639891,,,,,,f,,970,1010,1
1006,2017-03-11 20:52:55.220256,,,,,,f,,988,1011,1
1001,2017-03-11 20:41:21.529441,,,,,,t,2017-03-11 20:57:35.392248,965,1006,1
1007,2017-03-11 20:58:57.762137,,,,,,t,2017-03-11 21:01:08.59674,975,1012,1
1008,2017-03-11 21:03:25.108133,,,,,,f,,961,1013,1
1009,2017-03-11 21:05:13.266279,,,,,,f,,970,1014,1
1010,2017-03-11 21:05:30.350768,,,,,,f,,979,1015,1
1011,2017-03-11 21:08:26.469866,,,,,,f,,987,1016,1
1012,2017-03-11 21:10:08.118341,,,,,,f,,957,1017,1
1013,2017-03-11 21:14:14.638276,,,,,,f,,950,1018,1
1014,2017-03-11 21:25:34.765569,,,,,,f,,969,1019,1
1015,2017-03-11 21:26:48.962194,,,,,,f,,949,1020,1
1016,2017-03-11 21:27:22.797486,,,,,,f,,970,1021,1
1017,2017-03-11 21:28:19.687736,,,,,,f,,959,1022,1
1018,2017-03-11 21:29:52.081851,,,,,,f,,976,1023,1
1019,2017-03-11 21:31:14.122705,,,,,,f,,980,1024,1
1020,2017-03-11 21:33:17.900773,,,,,,f,,986,1025,1
1021,2017-03-11 21:34:57.518984,,,,,,f,,966,1026,1
1022,2017-03-11 21:39:28.5124,,,,,,f,,962,1027,1
1023,2017-03-11 21:39:34.175689,,,,,,f,,989,1028,1
1024,2017-03-11 21:49:50.631542,,,,,,f,,953,1029,1
1025,2017-03-11 21:52:25.243285,,,,,,f,,977,1030,1
1026,2017-03-11 21:55:01.317117,,,,,,f,,988,1031,1
1027,2017-03-11 22:03:08.75262,,,,,,f,,953,1032,1
1028,2017-03-11 22:14:44.914217,,,,,,f,,990,1033,1
1029,2017-03-11 22:18:58.653634,,,,,,f,,1019,1034,1
1030,2017-03-11 22:19:09.578539,,,,,,f,,1016,1035,1
1031,2017-03-11 22:19:49.947046,,,,,,f,,1017,1036,1
1032,2017-03-11 22:20:17.820724,,,,,,f,,1016,1037,1
1033,2017-03-11 22:21:08.855468,,,,,,f,,1009,1038,1
1034,2017-03-11 22:21:53.748975,,,,,,f,,1025,1039,1
1035,2017-03-11 22:23:31.217628,,,,,,f,,1018,1040,1
1036,2017-03-11 22:23:55.759195,,,,,,f,,1008,1041,1
1037,2017-03-11 22:25:43.247048,,,,,,f,,996,1042,1
1038,2017-03-11 22:29:26.459679,,,,,,f,,1015,1043,1
1039,2017-03-11 22:33:44.904274,,,,,,f,,1017,1044,1
1040,2017-03-11 22:35:37.535701,,,,,,f,,993,1045,1
1041,2017-03-11 22:36:42.49997,,,,,,f,,993,1046,1
1042,2017-03-11 22:39:17.042018,,,,,,f,,1032,1047,1
1043,2017-03-11 22:39:57.875534,,,,,,f,,1032,1048,1
1044,2017-03-11 22:40:54.41467,,,,,,f,,993,1049,1
1045,2017-03-11 22:41:05.349437,,,,,,f,,997,1050,1
1046,2017-03-11 22:41:18.983981,,,,,,f,,1027,1051,1
1047,2017-03-11 22:42:51.371122,,,,,,f,,1024,1052,1
1048,2017-03-11 22:45:10.876796,,,,,,f,,1019,1053,1
1049,2017-03-11 22:45:30.238592,,,,,,f,,1008,1054,1
1050,2017-03-11 22:50:22.248781,,,,,,f,,1030,1055,1
1051,2017-03-11 22:50:59.425058,,,,,,f,,1011,1056,1
1052,2017-03-11 22:56:57.587568,,,,,,f,,1024,1057,1
1053,2017-03-11 23:01:43.209702,,,,,,f,,1001,1058,1
1054,2017-03-11 23:03:37.05954,,,,,,f,,1024,1059,1
1055,2017-03-11 23:04:38.525897,,,,,,f,,1016,1060,1
1056,2017-03-11 23:04:39.892895,,,,,,f,,993,1061,1
1057,2017-03-11 23:08:32.607898,,,,,,f,,1013,1062,1
1058,2017-03-11 23:10:16.766998,,,,,,f,,1011,1063,1
1059,2017-03-11 23:11:00.424922,,,,,,f,,1020,1064,1
1060,2017-03-11 23:11:06.730154,,,,,,f,,1027,1065,1
1061,2017-03-11 23:13:20.708781,,,,,,f,,1016,1066,1
1062,2017-03-11 23:13:29.288286,,,,,,f,,998,1067,1
1063,2017-03-11 23:14:02.461801,,,,,,f,,1014,1068,1
1064,2017-03-11 23:16:49.596276,,,,,,f,,996,1069,1
1066,2017-03-11 23:23:34.080141,,,,,,f,,1027,1071,1
1067,2017-03-11 23:26:56.591594,,,,,,f,,1024,1072,1
1065,2017-03-11 23:18:16.837108,,,,,,t,2017-03-11 23:33:42.494171,1013,1070,1
1068,2017-03-11 23:37:06.181234,,,,,,f,,1017,1073,1
1069,2017-03-11 23:37:46.233082,,,,,,t,2017-03-11 23:53:06.389792,1026,1074,1
1070,2017-03-11 23:56:09.196608,,,,,,f,,1007,1075,1
1071,2017-03-12 00:06:01.899729,,,,,,f,,1034,1076,1
1072,2017-03-12 00:13:14.411221,,,,,,f,,1064,1077,1
1073,2017-03-12 00:14:14.189971,,,,,,f,,1065,1078,1
1074,2017-03-12 00:15:18.819614,,,,,,f,,1043,1079,1
1075,2017-03-12 00:15:59.145067,,,,,,f,,1037,1080,1
1076,2017-03-12 00:18:58.987617,,,,,,f,,1060,1081,1
1077,2017-03-12 00:37:52.103491,,,,,,f,,1046,1082,1
1078,2017-03-12 00:45:57.96469,,,,,,f,,1047,1083,1
1079,2017-03-12 00:58:08.459422,,,,,,f,,1049,1084,1
1080,2017-03-12 01:02:32.407563,,,,,,f,,1044,1085,1
1081,2017-03-12 01:04:14.293601,,,,,,f,,1072,1086,1
1082,2017-03-12 01:05:52.768764,,,,,,f,,1055,1087,1
1083,2017-03-12 01:08:38.079093,,,,,,f,,1056,1088,1
1084,2017-03-12 01:19:40.705074,,,,,,f,,1065,1089,1
1085,2017-03-12 01:27:32.297078,,,,,,f,,1064,1090,1
1086,2017-03-12 01:27:47.887609,,,,,,f,,1061,1091,1
1087,2017-03-12 01:30:03.99625,,,,,,f,,1040,1092,1
1088,2017-03-12 01:36:15.035258,,,,,,f,,1056,1093,1
1089,2017-03-12 01:37:31.662144,,,,,,f,,1063,1094,1
1090,2017-03-12 01:42:59.183479,,,,,,f,,1043,1095,1
1091,2017-03-12 01:48:04.805407,,,,,,f,,1055,1096,1
1092,2017-03-12 01:50:12.285599,,,,,,f,,1042,1097,1
1093,2017-03-12 01:50:23.300787,,,,,,f,,1038,1098,1
1094,2017-03-12 01:51:58.890215,,,,,,f,,1063,1099,1
1095,2017-03-12 01:56:47.182847,,,,,,f,,1038,1100,1
1096,2017-03-12 01:57:56.828322,,,,,,f,,1072,1101,1
1098,2017-03-12 01:59:30.476806,,,,,,f,,1057,1103,1
1097,2017-03-12 01:58:58.575945,,,,,,t,2017-03-12 02:05:31.710154,1065,1102,1
1100,2017-03-12 02:12:37.65232,,,,,,f,,1063,1105,1
1101,2017-03-12 02:12:41.519797,,,,,,f,,1061,1106,1
1102,2017-03-12 02:12:57.54913,,,,,,f,,1044,1107,1
1103,2017-03-12 02:16:13.538719,,,,,,f,,1075,1108,1
1105,2017-03-12 02:18:48.595121,,,,,,f,,1040,1110,1
1107,2017-03-12 02:20:13.335522,,,,,,f,,1061,1112,1
1110,2017-03-12 02:25:07.629697,,,,,,f,,1061,1115,1
1111,2017-03-12 02:26:07.526978,,,,,,f,,1064,1116,1
1113,2017-03-12 02:38:42.851184,,,,,,f,,1111,1118,1
1117,2017-03-12 03:07:29.574656,,,,,,f,,1089,1122,1
1120,2017-03-12 03:12:03.427087,,,,,,f,,1112,1125,1
1121,2017-03-12 03:13:16.623952,,,,,,f,,1096,1126,1
1123,2017-03-12 03:22:27.279365,,,,,,f,,1106,1128,1
1126,2017-03-12 03:55:35.233805,,,,,,f,,1108,1131,1
1127,2017-03-12 03:58:00.671443,,,,,,f,,1086,1132,1
1128,2017-03-12 03:58:48.167025,,,,,,f,,1110,1133,1
1129,2017-03-12 04:00:16.12143,,,,,,f,,1095,1134,1
1130,2017-03-12 04:00:27.282304,,,,,,f,,1115,1135,1
1131,2017-03-12 04:02:12.139655,,,,,,f,,1103,1136,1
1132,2017-03-12 04:06:47.252216,,,,,,f,,1083,1137,1
1135,2017-03-12 04:18:27.995198,,,,,,f,,1097,1140,1
1136,2017-03-12 04:20:41.59779,,,,,,f,,1090,1141,1
1139,2017-03-12 04:26:32.144958,,,,,,f,,1095,1144,1
1140,2017-03-12 04:29:49.237776,,,,,,f,,1083,1145,1
1099,2017-03-12 02:01:45.463982,,,,,,f,,1048,1104,1
1104,2017-03-12 02:18:01.521419,,,,,,f,,1063,1109,1
1106,2017-03-12 02:19:09.961401,,,,,,f,,1048,1111,1
1108,2017-03-12 02:21:35.234201,,,,,,f,,1056,1113,1
1109,2017-03-12 02:22:58.049789,,,,,,f,,1060,1114,1
1112,2017-03-12 02:38:30.035161,,,,,,f,,1087,1117,1
1114,2017-03-12 02:47:48.368279,,,,,,f,,1093,1119,1
1115,2017-03-12 02:50:46.470919,,,,,,f,,1101,1120,1
1116,2017-03-12 02:57:37.1349,,,,,,f,,1087,1121,1
1118,2017-03-12 03:11:34.237986,,,,,,f,,1116,1123,1
1119,2017-03-12 03:11:46.440074,,,,,,f,,1093,1124,1
1122,2017-03-12 03:20:17.456279,,,,,,f,,1106,1127,1
1124,2017-03-12 03:33:44.637485,,,,,,f,,1088,1129,1
1125,2017-03-12 03:41:55.271284,,,,,,f,,1104,1130,1
1133,2017-03-12 04:09:36.670589,,,,,,f,,1095,1138,1
1134,2017-03-12 04:12:45.904141,,,,,,f,,1106,1139,1
1137,2017-03-12 04:25:13.489198,,,,,,f,,1096,1142,1
1138,2017-03-12 04:25:59.643468,,,,,,f,,1081,1143,1
1141,2017-03-12 04:29:53.490212,,,,,,f,,1101,1146,1
1142,2017-03-12 04:37:28.641984,,,,,,f,,1086,1147,1
1143,2017-03-12 04:44:54.194589,,,,,,f,,1098,1148,1
1144,2017-03-12 05:05:12.878966,,,,,,f,,1095,1149,1
1145,2017-03-12 05:24:08.430856,,,,,,f,,1109,1150,1
1146,2017-03-12 05:24:22.718038,,,,,,f,,1114,1151,1
1147,2017-03-12 05:25:11.959545,,,,,,f,,1097,1152,1
1148,2017-03-12 05:29:18.96469,,,,,,f,,1107,1153,1
1149,2017-03-12 05:29:47.446023,,,,,,f,,1084,1154,1
1150,2017-03-12 05:32:33.945759,,,,,,f,,1078,1155,1
1151,2017-03-12 05:34:00.603358,,,,,,f,,1080,1156,1
1152,2017-03-12 05:44:33.905151,,,,,,f,,1124,1157,1
1153,2017-03-12 05:46:47.021226,,,,,,f,,1139,1158,1
1154,2017-03-12 05:50:00.309718,,,,,,f,,1133,1159,1
1155,2017-03-12 05:54:49.282339,,,,,,f,,1122,1160,1
1156,2017-03-12 05:56:23.412438,,,,,,f,,1146,1161,1
1157,2017-03-12 05:59:01.841558,,,,,,t,2017-03-12 05:59:09.931854,1140,1162,1
1158,2017-03-12 05:59:32.513191,,,,,,f,,1149,1163,1
1159,2017-03-12 05:59:45.636541,,,,,,f,,1156,1164,1
1160,2017-03-12 06:01:36.060238,,,,,,f,,1128,1165,1
1161,2017-03-12 06:06:17.925363,,,,,,f,,1136,1166,1
1162,2017-03-12 06:06:36.337822,,,,,,f,,1140,1167,1
1163,2017-03-12 06:07:29.038416,,,,,,f,,1137,1168,1
1164,2017-03-12 06:07:41.321141,,,,,,f,,1119,1169,1
1165,2017-03-12 06:12:18.261983,,,,,,f,,1155,1170,1
1166,2017-03-12 06:13:45.888634,,,,,,f,,1145,1171,1
1167,2017-03-12 06:16:44.908154,,,,,,f,,1131,1172,1
1168,2017-03-12 06:16:56.790894,,,,,,f,,1148,1173,1
1169,2017-03-12 06:17:35.397551,,,,,,f,,1150,1174,1
1170,2017-03-12 06:23:14.587661,,,,,,f,,1121,1175,1
1171,2017-03-12 06:33:45.406703,,,,,,f,,1129,1176,1
1172,2017-03-12 06:34:10.315049,,,,,,f,,1144,1177,1
1173,2017-03-12 06:40:56.329184,,,,,,f,,1149,1178,1
1174,2017-03-12 06:43:20.194592,,,,,,f,,1135,1179,1
1175,2017-03-12 06:44:15.778401,,,,,,f,,1126,1180,1
1176,2017-03-12 06:51:34.786588,,,,,,f,,1131,1181,1
1177,2017-03-12 06:57:17.673973,,,,,,f,,1133,1182,1
1178,2017-03-12 06:57:26.443513,,,,,,f,,1131,1183,1
1179,2017-03-12 07:03:16.085469,,,,,,f,,1132,1184,1
1298,2017-03-12 17:08:03.33794,,,,,,f,,1266,1303,1
1180,2017-03-12 07:07:49.768912,,,,,,t,2017-03-12 07:09:56.241308,1126,1185,1
1181,2017-03-12 07:10:03.46834,,,,,,f,,1149,1186,1
1182,2017-03-12 07:15:32.049717,,,,,,f,,1156,1187,1
1183,2017-03-12 07:23:35.640667,,,,,,f,,1129,1188,1
1184,2017-03-12 07:49:55.15951,,,,,,f,,1118,1189,1
1185,2017-03-12 07:57:28.748872,,,,,,f,,1126,1190,1
1186,2017-03-12 08:14:52.852942,,,,,,f,,1120,1191,1
1187,2017-03-12 08:20:20.350556,,,,,,f,,1123,1192,1
1188,2017-03-12 08:21:52.901312,,,,,,f,,1138,1193,1
1189,2017-03-12 08:31:58.860433,,,,,,t,2017-03-12 08:35:39.919387,1150,1194,1
1190,2017-03-12 08:48:37.19115,,,,,,f,,1145,1195,1
1191,2017-03-12 09:09:38.71166,,,,,,f,,1132,1196,1
1192,2017-03-12 09:16:56.616982,,,,,,f,,1155,1197,1
1194,2017-03-12 09:37:14.282459,,,,,,f,,1144,1199,1
1193,2017-03-12 09:18:38.880869,,,,,,t,2017-03-12 10:00:14.168284,1142,1198,1
1195,2017-03-12 10:30:13.287697,,,,,,f,,1130,1200,1
1196,2017-03-12 10:44:43.340326,,,,,,f,,1186,1201,1
1197,2017-03-12 10:52:05.017646,,,,,,f,,1195,1202,1
1198,2017-03-12 10:56:31.404645,,,,,,f,,1176,1203,1
1199,2017-03-12 11:01:49.446039,,,,,,f,,1183,1204,1
1200,2017-03-12 11:23:54.687998,,,,,,f,,1158,1205,1
1201,2017-03-12 11:28:48.466728,,,,,,f,,1199,1206,1
1203,2017-03-12 11:39:33.283634,,,,,,f,,1199,1208,1
1202,2017-03-12 11:30:29.264374,,,,,,t,2017-03-12 11:39:49.866869,1192,1207,1
1204,2017-03-12 11:48:29.566493,,,,,,f,,1169,1209,1
1205,2017-03-12 12:00:45.552466,,,,,,f,,1181,1210,1
1206,2017-03-12 12:01:22.7227,,,,,,f,,1173,1211,1
1207,2017-03-12 12:01:33.349951,,,,,,f,,1200,1212,1
1208,2017-03-12 12:01:52.443541,,,,,,f,,1179,1213,1
1209,2017-03-12 12:02:29.770545,,,,,,f,,1193,1214,1
1210,2017-03-12 12:02:49.13614,,,,,,f,,1168,1215,1
1211,2017-03-12 12:02:57.602455,,,,,,f,,1170,1216,1
1212,2017-03-12 12:04:41.249636,,,,,,f,,1159,1217,1
1213,2017-03-12 12:05:29.713083,,,,,,f,,1181,1218,1
1214,2017-03-12 12:11:23.400161,,,,,,f,,1177,1219,1
1215,2017-03-12 12:11:36.368309,,,,,,f,,1183,1220,1
1216,2017-03-12 12:15:48.641512,,,,,,f,,1186,1221,1
1217,2017-03-12 12:16:41.082782,,,,,,f,,1186,1222,1
1218,2017-03-12 12:17:02.425355,,,,,,f,,1169,1223,1
1219,2017-03-12 12:21:17.621797,,,,,,f,,1182,1224,1
1220,2017-03-12 12:23:38.349494,,,,,,f,,1199,1225,1
1221,2017-03-12 12:26:03.650869,,,,,,f,,1160,1226,1
1222,2017-03-12 12:30:05.534135,,,,,,f,,1178,1227,1
1223,2017-03-12 12:32:29.443316,,,,,,f,,1157,1228,1
1224,2017-03-12 12:38:44.179858,,,,,,f,,1157,1229,1
1225,2017-03-12 12:40:36.464373,,,,,,f,,1173,1230,1
1226,2017-03-12 12:41:54.457846,,,,,,f,,1186,1231,1
1227,2017-03-12 12:43:01.439645,,,,,,f,,1196,1232,1
1228,2017-03-12 12:46:39.574332,,,,,,f,,1175,1233,1
1229,2017-03-12 12:46:45.14981,,,,,,f,,1169,1234,1
1230,2017-03-12 12:49:23.755479,,,,,,f,,1195,1235,1
1231,2017-03-12 12:54:15.934288,,,,,,f,,1180,1236,1
1232,2017-03-12 12:58:13.61827,,,,,,f,,1166,1237,1
1233,2017-03-12 13:01:38.730514,,,,,,f,,1159,1238,1
1234,2017-03-12 13:07:15.974027,,,,,,f,,1158,1239,1
1235,2017-03-12 13:08:36.861225,,,,,,f,,1181,1240,1
1236,2017-03-12 13:17:03.462337,,,,,,f,,1193,1241,1
1237,2017-03-12 13:29:42.660523,,,,,,f,,1205,1242,1
1238,2017-03-12 13:30:22.703631,,,,,,f,,1234,1243,1
1239,2017-03-12 13:30:30.576357,,,,,,f,,1222,1244,1
1240,2017-03-12 13:32:56.26488,,,,,,f,,1235,1245,1
1241,2017-03-12 13:43:50.472307,,,,,,f,,1223,1246,1
1242,2017-03-12 13:44:07.742209,,,,,,f,,1211,1247,1
1244,2017-03-12 13:47:05.032218,,,,,,f,,1234,1249,1
1248,2017-03-12 13:53:35.334011,,,,,,f,,1226,1253,1
1250,2017-03-12 13:56:40.640676,,,,,,f,,1211,1255,1
1251,2017-03-12 14:03:13.957485,,,,,,t,2017-03-12 14:08:10.460653,1202,1256,1
1254,2017-03-12 14:09:28.203008,,,,,,f,,1238,1259,1
1255,2017-03-12 14:15:03.378933,,,,,,f,,1205,1260,1
1256,2017-03-12 14:16:31.19342,,,,,,f,,1211,1261,1
1257,2017-03-12 14:20:30.13666,,,,,,t,2017-03-12 14:21:42.957391,1215,1262,1
1258,2017-03-12 14:25:51.059631,,,,,,f,,1219,1263,1
1259,2017-03-12 14:25:56.081219,,,,,,f,,1214,1264,1
1260,2017-03-12 14:27:55.248858,,,,,,f,,1240,1265,1
1263,2017-03-12 14:42:26.745661,,,,,,f,,1219,1268,1
1266,2017-03-12 15:11:49.022704,,,,,,f,,1214,1271,1
1270,2017-03-12 15:20:14.041703,,,,,,f,,1220,1275,1
1271,2017-03-12 15:27:57.837128,,,,,,f,,1239,1276,1
1273,2017-03-12 15:30:41.430298,,,,,,f,,1240,1278,1
1275,2017-03-12 15:40:25.455991,,,,,,f,,1240,1280,1
1276,2017-03-12 15:47:04.059581,,,,,,f,,1226,1281,1
1284,2017-03-12 16:26:21.368806,,,,,,f,,1248,1289,1
1286,2017-03-12 16:29:55.646059,,,,,,f,,1274,1291,1
1290,2017-03-12 16:37:52.476748,,,,,,f,,1283,1295,1
1292,2017-03-12 16:43:57.666924,,,,,,f,,1255,1297,1
1294,2017-03-12 16:51:34.219646,,,,,,f,,1279,1299,1
1243,2017-03-12 13:44:17.647053,,,,,,f,,1222,1248,1
1245,2017-03-12 13:48:56.822934,,,,,,f,,1213,1250,1
1246,2017-03-12 13:49:50.256526,,,,,,f,,1235,1251,1
1247,2017-03-12 13:53:29.594511,,,,,,f,,1233,1252,1
1249,2017-03-12 13:55:50.479481,,,,,,f,,1220,1254,1
1252,2017-03-12 14:06:24.375864,,,,,,f,,1219,1257,1
1253,2017-03-12 14:07:43.233465,,,,,,f,,1233,1258,1
1261,2017-03-12 14:28:24.294129,,,,,,f,,1230,1266,1
1262,2017-03-12 14:40:48.56912,,,,,,f,,1204,1267,1
1264,2017-03-12 14:44:59.878002,,,,,,f,,1219,1269,1
1265,2017-03-12 14:56:57.342442,,,,,,f,,1228,1270,1
1267,2017-03-12 15:14:30.536616,,,,,,f,,1216,1272,1
1268,2017-03-12 15:17:15.611222,,,,,,f,,1240,1273,1
1269,2017-03-12 15:19:02.124658,,,,,,f,,1216,1274,1
1272,2017-03-12 15:28:52.896719,,,,,,f,,1240,1277,1
1274,2017-03-12 15:34:12.597319,,,,,,f,,1228,1279,1
1277,2017-03-12 15:47:52.936988,,,,,,f,,1231,1282,1
1278,2017-03-12 15:48:29.509277,,,,,,f,,1215,1283,1
1279,2017-03-12 16:01:19.649533,,,,,,f,,1266,1284,1
1280,2017-03-12 16:17:23.839264,,,,,,f,,1270,1285,1
1282,2017-03-12 16:21:52.195172,,,,,,f,,1276,1287,1
1281,2017-03-12 16:20:54.067446,,,,,,t,2017-03-12 16:22:48.838746,1282,1286,1
1283,2017-03-12 16:24:29.954337,,,,,,f,,1282,1288,1
1287,2017-03-12 16:31:19.322168,,,,,,f,,1259,1292,1
1288,2017-03-12 16:32:28.88958,,,,,,f,,1266,1293,1
1285,2017-03-12 16:29:21.928081,,,,,,t,2017-03-12 16:34:29.998371,1269,1290,1
1289,2017-03-12 16:36:45.980497,,,,,,f,,1277,1294,1
1291,2017-03-12 16:39:23.948204,,,,,,f,,1282,1296,1
1293,2017-03-12 16:44:20.084764,,,,,,f,,1245,1298,1
1295,2017-03-12 16:56:49.353058,,,,,,t,2017-03-12 17:02:20.692954,1248,1300,1
1296,2017-03-12 17:05:47.898013,,,,,,f,,1271,1301,1
1297,2017-03-12 17:07:30.609057,,,,,,f,,1276,1302,1
1299,2017-03-12 17:14:08.091882,,,,,,f,,1280,1304,1
1300,2017-03-12 17:14:40.121123,,,,,,f,,1273,1305,1
1302,2017-03-12 17:19:09.247395,,,,,,f,,1282,1307,1
1301,2017-03-12 17:16:56.980909,,,,,,t,2017-03-12 17:19:24.6033,1257,1306,1
1303,2017-03-12 17:21:40.479342,,,,,,f,,1258,1308,1
1304,2017-03-12 17:23:14.379985,,,,,,f,,1251,1309,1
1305,2017-03-12 17:23:57.80238,,,,,,f,,1246,1310,1
1306,2017-03-12 17:27:06.07892,,,,,,f,,1282,1311,1
1307,2017-03-12 17:36:33.887302,,,,,,f,,1248,1312,1
1308,2017-03-12 17:36:43.914064,,,,,,f,,1273,1313,1
1309,2017-03-12 17:38:18.173865,,,,,,f,,1276,1314,1
1310,2017-03-12 17:39:42.91155,,,,,,f,,1259,1315,1
1311,2017-03-12 17:39:52.0358,,,,,,f,,1250,1316,1
1312,2017-03-12 17:41:40.623954,,,,,,f,,1269,1317,1
1313,2017-03-12 17:44:47.6164,,,,,,f,,1264,1318,1
1314,2017-03-12 17:46:47.747276,,,,,,f,,1265,1319,1
1315,2017-03-12 17:48:43.415153,,,,,,f,,1283,1320,1
1316,2017-03-12 18:10:15.632739,,,,,,f,,1255,1321,1
1317,2017-03-12 18:11:03.499569,,,,,,f,,1263,1322,1
1318,2017-03-12 18:12:32.246747,,,,,,f,,1270,1323,1
1319,2017-03-12 18:15:22.743617,,,,,,f,,1246,1324,1
1320,2017-03-12 18:21:14.74117,,,,,,f,,1243,1325,1
1321,2017-03-12 18:30:07.796283,,,,,,f,,1272,1326,1
1322,2017-03-12 18:47:20.41281,,,,,,f,,1283,1327,1
1323,2017-03-12 18:54:44.180017,,,,,,f,,1322,1328,1
1324,2017-03-12 18:56:25.65604,,,,,,f,,1324,1329,1
1325,2017-03-12 19:07:45.840207,,,,,,f,,1296,1330,1
1326,2017-03-12 19:09:34.826118,,,,,,f,,1308,1331,1
1327,2017-03-12 19:11:50.492198,,,,,,f,,1324,1332,1
1328,2017-03-12 19:14:16.451451,,,,,,f,,1320,1333,1
1329,2017-03-12 19:15:13.568108,,,,,,f,,1288,1334,1
1330,2017-03-12 19:15:40.626389,,,,,,f,,1304,1335,1
1331,2017-03-12 19:19:36.555874,,,,,,f,,1318,1336,1
1332,2017-03-12 19:21:58.379784,,,,,,f,,1288,1337,1
1333,2017-03-12 19:22:32.836575,,,,,,f,,1307,1338,1
1334,2017-03-12 19:24:02.024306,,,,,,f,,1292,1339,1
1335,2017-03-12 19:24:12.367042,,,,,,f,,1310,1340,1
1336,2017-03-12 19:24:42.68463,,,,,,f,,1309,1341,1
1337,2017-03-12 19:24:48.217904,,,,,,f,,1291,1342,1
1338,2017-03-12 19:24:53.104407,,,,,,f,,1309,1343,1
1339,2017-03-12 19:24:55.007522,,,,,,f,,1324,1344,1
1340,2017-03-12 19:24:59.241325,,,,,,f,,1296,1345,1
1341,2017-03-12 19:25:00.359241,,,,,,f,,1287,1346,1
1342,2017-03-12 19:25:14.484175,,,,,,f,,1319,1347,1
1343,2017-03-12 19:25:23.930287,,,,,,f,,1291,1348,1
1344,2017-03-12 19:25:25.327535,,,,,,f,,1318,1349,1
1345,2017-03-12 19:25:42.292993,,,,,,f,,1316,1350,1
1346,2017-03-12 19:25:57.737177,,,,,,f,,1320,1351,1
1347,2017-03-12 19:26:05.28917,,,,,,f,,1284,1352,1
1348,2017-03-12 19:26:07.165741,,,,,,f,,1308,1353,1
1349,2017-03-12 19:26:21.134112,,,,,,f,,1296,1354,1
1350,2017-03-12 19:27:19.062991,,,,,,f,,1307,1355,1
1351,2017-03-12 19:27:21.103647,,,,,,f,,1297,1356,1
1352,2017-03-12 19:27:48.737317,,,,,,f,,1311,1357,1
1354,2017-03-12 19:28:33.303283,,,,,,f,,1311,1359,1
1355,2017-03-12 19:28:41.933176,,,,,,f,,1323,1360,1
1356,2017-03-12 19:28:45.21206,,,,,,f,,1326,1361,1
1353,2017-03-12 19:28:29.185551,,,,,,t,2017-03-12 19:28:45.556781,1323,1358,1
1357,2017-03-12 19:30:55.303122,,,,,,f,,1307,1362,1
1358,2017-03-12 19:31:42.753779,,,,,,f,,1301,1363,1
1359,2017-03-12 19:31:53.956251,,,,,,f,,1310,1364,1
1360,2017-03-12 19:32:13.220756,,,,,,f,,1327,1365,1
1361,2017-03-12 19:32:28.416263,,,,,,f,,1316,1366,1
1362,2017-03-12 19:35:46.24034,,,,,,f,,1311,1367,1
1363,2017-03-12 19:38:12.299122,,,,,,f,,1320,1368,1
1364,2017-03-12 19:41:56.708021,,,,,,f,,1367,1369,1
1365,2017-03-12 19:41:59.404682,,,,,,f,,1329,1370,1
1366,2017-03-12 19:42:12.323997,,,,,,f,,1341,1371,1
1367,2017-03-12 19:42:29.061084,,,,,,f,,1336,1372,1
1368,2017-03-12 19:42:38.987386,,,,,,f,,1367,1373,1
1369,2017-03-12 19:43:47.02759,,,,,,f,,1346,1374,1
1370,2017-03-12 19:44:00.915295,,,,,,f,,1343,1375,1
1371,2017-03-12 19:44:10.812548,,,,,,f,,1357,1376,1
1372,2017-03-12 19:44:28.826887,,,,,,f,,1342,1377,1
1373,2017-03-12 19:44:44.938042,,,,,,f,,1333,1378,1
1374,2017-03-12 19:46:08.961331,,,,,,f,,1342,1379,1
1375,2017-03-12 19:46:25.894778,,,,,,f,,1351,1380,1
1376,2017-03-12 19:46:28.945668,,,,,,f,,1343,1381,1
1377,2017-03-12 19:47:04.191323,,,,,,f,,1349,1382,1
1378,2017-03-12 19:47:11.918067,,,,,,f,,1352,1383,1
1379,2017-03-12 19:48:46.821953,,,,,,f,,1337,1384,1
1380,2017-03-12 19:48:55.419241,,,,,,f,,1340,1385,1
1381,2017-03-12 19:50:45.250609,,,,,,f,,1364,1386,1
1382,2017-03-12 19:50:54.85641,,,,,,t,2017-03-12 19:57:38.739461,1368,1387,1
1386,2017-03-12 20:08:59.029615,,,,,,f,,1347,1391,1
1383,2017-03-12 20:01:30.983542,,,,,,f,,1355,1388,1
1384,2017-03-12 20:06:57.147554,,,,,,f,,1342,1389,1
1385,2017-03-12 20:08:12.770586,,,,,,f,,1350,1390,1
1388,2017-03-12 20:14:50.705773,,,,,,f,,1354,1393,1
1390,2017-03-12 20:19:51.296583,,,,,,f,,1363,1395,1
1392,2017-03-12 20:22:34.765831,,,,,,f,,1360,1397,1
1395,2017-03-12 20:30:44.829901,,,,,,f,,1346,1400,1
1396,2017-03-12 20:34:45.379543,,,,,,f,,1349,1401,1
1397,2017-03-12 20:35:12.978795,,,,,,t,2017-03-12 20:42:23.884871,1332,1402,1
1399,2017-03-12 20:42:53.389294,,,,,,f,,1362,1404,1
1401,2017-03-12 20:48:49.557894,,,,,,f,,1353,1406,1
1402,2017-03-12 20:56:38.705381,,,,,,f,,1355,1407,1
1404,2017-03-12 21:03:27.162611,,,,,,f,,1328,1409,1
1405,2017-03-12 21:07:31.007019,,,,,,f,,1330,1410,1
1408,2017-03-12 21:28:59.724252,,,,,,f,,1391,1413,1
1411,2017-03-12 21:49:03.622784,,,,,,t,2017-03-12 21:50:49.545371,1369,1416,1
1412,2017-03-12 21:49:07.841831,,,,,,t,2017-03-12 21:51:17.953,1391,1417,1
1413,2017-03-12 21:52:14.332447,,,,,,f,,1377,1418,1
1414,2017-03-12 21:53:15.261922,,,,,,f,,1372,1419,1
1417,2017-03-12 22:10:46.399446,,,,,,f,,1370,1422,1
1418,2017-03-12 22:11:14.841646,,,,,,f,,1409,1423,1
1421,2017-03-12 22:26:53.687547,,,,,,f,,1394,1426,1
1423,2017-03-12 22:31:55.087727,,,,,,f,,1379,1428,1
1425,2017-03-12 22:35:14.625906,,,,,,f,,1396,1430,1
1427,2017-03-12 22:39:42.499587,,,,,,f,,1392,1432,1
1428,2017-03-12 22:41:34.133947,,,,,,f,,1375,1433,1
1431,2017-03-12 22:56:59.576311,,,,,,f,,1370,1436,1
1433,2017-03-12 23:04:07.443976,,,,,,f,,1379,1438,1
1434,2017-03-12 23:04:56.363822,,,,,,f,,1385,1439,1
1435,2017-03-12 23:06:02.69313,,,,,,f,,1403,1440,1
1437,2017-03-12 23:10:19.555719,,,,,,f,,1391,1442,1
1439,2017-03-12 23:19:59.059774,,,,,,f,,1382,1444,1
1441,2017-03-12 23:23:38.242679,,,,,,f,,1380,1446,1
1443,2017-03-12 23:51:34.992615,,,,,,f,,1392,1448,1
1445,2017-03-12 23:55:51.424479,,,,,,f,,1379,1450,1
1454,2017-03-13 00:32:55.288247,,,,,,f,,1412,1459,1
1455,2017-03-13 00:39:25.207296,,,,,,f,,1436,1460,1
1456,2017-03-13 00:41:22.756554,,,,,,f,,1423,1461,1
1458,2017-03-13 00:47:28.340491,,,,,,t,2017-03-13 00:52:03.569135,1447,1463,1
1460,2017-03-13 01:00:37.242811,,,,,,f,,1414,1465,1
1461,2017-03-13 01:01:27.905409,,,,,,f,,1445,1466,1
1462,2017-03-13 01:02:41.187977,,,,,,f,,1413,1467,1
1387,2017-03-12 20:10:35.434832,,,,,,f,,1357,1392,1
1389,2017-03-12 20:19:07.507442,,,,,,f,,1363,1394,1
1391,2017-03-12 20:21:36.971587,,,,,,f,,1355,1396,1
1393,2017-03-12 20:24:54.320968,,,,,,f,,1367,1398,1
1394,2017-03-12 20:28:00.789987,,,,,,f,,1328,1399,1
1398,2017-03-12 20:40:11.084329,,,,,,f,,1338,1403,1
1400,2017-03-12 20:46:10.367677,,,,,,f,,1367,1405,1
1403,2017-03-12 21:02:30.24011,,,,,,t,2017-03-12 21:05:29.814659,1336,1408,1
1406,2017-03-12 21:08:05.941686,,,,,,f,,1342,1411,1
1407,2017-03-12 21:23:56.385433,,,,,,f,,1374,1412,1
1409,2017-03-12 21:39:19.053579,,,,,,f,,1379,1414,1
1410,2017-03-12 21:45:31.365741,,,,,,f,,1395,1415,1
1415,2017-03-12 21:54:05.620123,,,,,,f,,1390,1420,1
1416,2017-03-12 22:00:06.221845,,,,,,f,,1397,1421,1
1419,2017-03-12 22:24:24.687662,,,,,,f,,1403,1424,1
1420,2017-03-12 22:25:01.027387,,,,,,f,,1381,1425,1
1422,2017-03-12 22:30:19.525754,,,,,,f,,1405,1427,1
1424,2017-03-12 22:34:54.231293,,,,,,f,,1385,1429,1
1426,2017-03-12 22:35:55.755077,,,,,,f,,1405,1431,1
1429,2017-03-12 22:50:52.006941,,,,,,f,,1379,1434,1
1430,2017-03-12 22:53:47.045849,,,,,,f,,1392,1435,1
1432,2017-03-12 23:02:57.112067,,,,,,f,,1392,1437,1
1436,2017-03-12 23:08:26.290725,,,,,,f,,1394,1441,1
1438,2017-03-12 23:18:48.742506,,,,,,f,,1372,1443,1
1440,2017-03-12 23:20:14.037519,,,,,,f,,1394,1445,1
1442,2017-03-12 23:29:53.612578,,,,,,f,,1385,1447,1
1444,2017-03-12 23:52:03.790753,,,,,,f,,1393,1449,1
1446,2017-03-12 23:56:12.016883,,,,,,f,,1406,1451,1
1447,2017-03-12 23:56:56.150429,,,,,,f,,1397,1452,1
1448,2017-03-12 23:59:07.357593,,,,,,f,,1372,1453,1
1449,2017-03-13 00:08:04.654994,,,,,,f,,1439,1454,1
1450,2017-03-13 00:09:49.767719,,,,,,f,,1442,1455,1
1451,2017-03-13 00:12:08.732593,,,,,,f,,1426,1456,1
1452,2017-03-13 00:14:10.324591,,,,,,f,,1444,1457,1
1453,2017-03-13 00:20:17.471738,,,,,,f,,1424,1458,1
1457,2017-03-13 00:43:45.247607,,,,,,f,,1441,1462,1
1459,2017-03-13 00:47:29.036118,,,,,,f,,1427,1464,1
1463,2017-03-13 01:04:18.479251,,,,,,f,,1440,1468,1
1464,2017-03-13 01:04:25.365345,,,,,,f,,1434,1469,1
1465,2017-03-13 01:05:18.141131,,,,,,f,,1415,1470,1
1466,2017-03-13 01:25:36.109433,,,,,,f,,1453,1471,1
1467,2017-03-13 01:34:29.401168,,,,,,f,,1445,1472,1
1468,2017-03-13 01:35:55.611222,,,,,,f,,1430,1473,1
1469,2017-03-13 01:44:32.740256,,,,,,f,,1426,1474,1
1470,2017-03-13 01:50:43.73338,,,,,,f,,1413,1475,1
1471,2017-03-13 01:53:21.193608,,,,,,f,,1442,1476,1
1472,2017-03-13 01:55:55.313833,,,,,,f,,1412,1477,1
1473,2017-03-13 01:59:43.401716,,,,,,f,,1414,1478,1
1474,2017-03-13 02:02:23.840432,,,,,,f,,1429,1479,1
1475,2017-03-13 02:03:31.173501,,,,,,f,,1447,1480,1
1476,2017-03-13 02:07:12.101174,,,,,,f,,1420,1481,1
1477,2017-03-13 02:09:11.019822,,,,,,f,,1426,1482,1
1478,2017-03-13 02:12:52.377189,,,,,,f,,1445,1483,1
1479,2017-03-13 02:19:46.021544,,,,,,f,,1429,1484,1
1480,2017-03-13 02:25:27.606536,,,,,,f,,1446,1485,1
1481,2017-03-13 02:30:22.817741,,,,,,f,,1435,1486,1
1482,2017-03-13 02:34:53.483008,,,,,,f,,1425,1487,1
1483,2017-03-13 02:35:10.175779,,,,,,f,,1426,1488,1
1484,2017-03-13 02:35:51.151766,,,,,,f,,1430,1489,1
1485,2017-03-13 02:37:22.098473,,,,,,f,,1415,1490,1
1486,2017-03-13 02:39:04.790559,,,,,,f,,1425,1491,1
1487,2017-03-13 02:49:08.70717,,,,,,t,2017-03-13 02:56:00.116122,1414,1492,1
1488,2017-03-13 03:00:19.685266,,,,,,f,,1415,1493,1
1490,2017-03-13 03:08:53.862816,,,,,,f,,1447,1495,1
1489,2017-03-13 03:04:17.322431,,,,,,t,2017-03-13 03:18:41.708011,1430,1494,1
1491,2017-03-13 03:25:30.458984,,,,,,f,,1413,1496,1
1492,2017-03-13 03:34:26.297949,,,,,,f,,1490,1497,1
1493,2017-03-13 03:36:14.494059,,,,,,f,,1472,1498,1
1494,2017-03-13 03:39:05.354826,,,,,,f,,1491,1499,1
1495,2017-03-13 03:42:45.137033,,,,,,f,,1469,1500,1
1496,2017-03-13 03:43:24.840496,,,,,,f,,1455,1501,1
1497,2017-03-13 03:45:25.943402,,,,,,f,,1470,1502,1
1498,2017-03-13 03:45:26.794616,,,,,,f,,1474,1503,1
1499,2017-03-13 03:46:19.455081,,,,,,f,,1467,1504,1
1500,2017-03-13 03:53:27.276415,,,,,,f,,1461,1505,1
1501,2017-03-13 03:57:45.414598,,,,,,f,,1459,1506,1
1502,2017-03-13 03:58:18.952193,,,,,,f,,1493,1507,1
1503,2017-03-13 04:07:06.053666,,,,,,f,,1457,1508,1
1504,2017-03-13 04:08:54.475183,,,,,,f,,1470,1509,1
1505,2017-03-13 04:10:58.412914,,,,,,f,,1485,1510,1
1506,2017-03-13 04:12:27.889856,,,,,,f,,1477,1511,1
1507,2017-03-13 04:18:50.215993,,,,,,f,,1477,1512,1
1508,2017-03-13 04:20:31.463354,,,,,,f,,1491,1513,1
1509,2017-03-13 04:22:05.900134,,,,,,f,,1460,1514,1
1510,2017-03-13 04:24:42.156608,,,,,,f,,1466,1515,1
1511,2017-03-13 04:27:39.951567,,,,,,f,,1474,1516,1
1512,2017-03-13 04:28:45.33063,,,,,,f,,1470,1517,1
1513,2017-03-13 04:29:11.858704,,,,,,f,,1496,1518,1
1514,2017-03-13 04:29:21.234149,,,,,,f,,1472,1519,1
1515,2017-03-13 04:32:50.396377,,,,,,f,,1467,1520,1
1516,2017-03-13 04:36:18.847983,,,,,,f,,1477,1521,1
1517,2017-03-13 04:38:22.82567,,,,,,f,,1491,1522,1
1518,2017-03-13 04:39:17.766237,,,,,,f,,1457,1523,1
1519,2017-03-13 04:57:10.676738,,,,,,f,,1493,1524,1
1520,2017-03-13 04:59:52.971081,,,,,,f,,1461,1525,1
1521,2017-03-13 05:07:43.705007,,,,,,f,,1482,1526,1
1522,2017-03-13 05:43:56.171834,,,,,,f,,1488,1527,1
1523,2017-03-13 05:47:25.854522,,,,,,t,2017-03-13 05:49:48.440772,1491,1528,1
1524,2017-03-13 05:50:25.212964,,,,,,f,,1490,1529,1
1525,2017-03-13 05:57:12.862284,,,,,,f,,1472,1530,1
1526,2017-03-13 05:57:56.909409,,,,,,f,,1465,1531,1
1527,2017-03-13 06:05:57.506118,,,,,,f,,1473,1532,1
1529,2017-03-13 06:07:03.182146,,,,,,f,,1462,1534,1
1530,2017-03-13 06:07:33.06167,,,,,,f,,1459,1535,1
1528,2017-03-13 06:06:41.313281,,,,,,t,2017-03-13 06:12:15.657033,1464,1533,1
1531,2017-03-13 06:18:49.3581,,,,,,f,,1474,1536,1
1532,2017-03-13 06:26:33.093908,,,,,,f,,1460,1537,1
1533,2017-03-13 06:31:49.328185,,,,,,f,,1471,1538,1
1534,2017-03-13 06:42:51.166295,,,,,,f,,1501,1539,1
1535,2017-03-13 06:44:51.2065,,,,,,f,,1501,1540,1
1536,2017-03-13 06:44:53.933811,,,,,,f,,1519,1541,1
1537,2017-03-13 06:46:54.309264,,,,,,f,,1534,1542,1
1538,2017-03-13 06:54:12.623106,,,,,,f,,1521,1543,1
1539,2017-03-13 07:00:32.77304,,,,,,f,,1522,1544,1
1540,2017-03-13 07:03:36.681472,,,,,,f,,1512,1545,1
1541,2017-03-13 07:06:29.489509,,,,,,f,,1516,1546,1
1542,2017-03-13 07:09:33.398848,,,,,,f,,1520,1547,1
1543,2017-03-13 07:19:51.318304,,,,,,f,,1506,1548,1
1544,2017-03-13 07:24:32.182511,,,,,,f,,1508,1549,1
1545,2017-03-13 07:39:19.369386,,,,,,f,,1513,1550,1
1548,2017-03-13 07:53:12.029068,,,,,,t,2017-03-13 08:00:14.367822,1513,1553,1
1558,2017-03-13 09:20:28.693875,,,,,,f,,1505,1563,1
1563,2017-03-13 09:41:39.860885,,,,,,f,,1523,1568,1
1564,2017-03-13 09:46:15.469912,,,,,,f,,1530,1569,1
1565,2017-03-13 09:56:25.486316,,,,,,f,,1509,1570,1
1567,2017-03-13 10:09:25.103524,,,,,,f,,1519,1572,1
1568,2017-03-13 10:10:04.573399,,,,,,f,,1505,1573,1
1573,2017-03-13 10:34:57.102991,,,,,,f,,1501,1578,1
1580,2017-03-13 11:39:17.341826,,,,,,f,,1542,1585,1
1583,2017-03-13 11:54:12.5309,,,,,,f,,1574,1588,1
1585,2017-03-13 12:12:14.717053,,,,,,f,,1568,1590,1
1588,2017-03-13 12:31:01.079731,,,,,,f,,1557,1593,1
1589,2017-03-13 12:40:43.094284,,,,,,f,,1547,1594,1
1592,2017-03-13 12:47:52.632399,,,,,,f,,1575,1597,1
1596,2017-03-13 13:04:16.274965,,,,,,f,,1551,1601,1
1598,2017-03-13 13:15:10.751112,,,,,,f,,1554,1603,1
1600,2017-03-13 13:21:16.641742,,,,,,f,,1545,1605,1
1601,2017-03-13 13:23:14.133597,,,,,,f,,1543,1606,1
1602,2017-03-13 13:27:03.698972,,,,,,f,,1555,1607,1
1606,2017-03-13 13:38:24.185077,,,,,,f,,1545,1611,1
1607,2017-03-13 13:40:54.782007,,,,,,f,,1570,1612,1
1608,2017-03-13 13:45:38.348682,,,,,,f,,1556,1613,1
1613,2017-03-13 14:16:54.752257,,,,,,f,,1557,1618,1
1614,2017-03-13 14:29:30.715915,,,,,,f,,1568,1619,1
1615,2017-03-13 14:38:52.347629,,,,,,f,,1548,1620,1
1616,2017-03-13 14:39:21.181071,,,,,,f,,1573,1621,1
1623,2017-03-13 15:18:08.738688,,,,,,f,,1592,1628,1
1624,2017-03-13 15:18:13.082179,,,,,,f,,1621,1629,1
1626,2017-03-13 15:23:39.133747,,,,,,f,,1586,1631,1
1632,2017-03-13 15:42:01.555778,,,,,,f,,1617,1637,1
1633,2017-03-13 15:42:17.759836,,,,,,f,,1616,1638,1
1630,2017-03-13 15:35:59.742909,,,,,,t,2017-03-13 15:50:00.919211,1594,1635,1
1635,2017-03-13 15:51:35.594127,,,,,,f,,1603,1640,1
1636,2017-03-13 15:52:45.016209,,,,,,f,,1586,1641,1
1637,2017-03-13 15:54:04.847339,,,,,,f,,1619,1642,1
1641,2017-03-13 16:10:26.573687,,,,,,f,,1605,1646,1
1644,2017-03-13 16:10:48.079563,,,,,,f,,1618,1649,1
1648,2017-03-13 16:12:07.060316,,,,,,f,,1594,1653,1
1651,2017-03-13 16:16:50.933645,,,,,,f,,1605,1656,1
1546,2017-03-13 07:45:37.448653,,,,,,f,,1508,1551,1
1547,2017-03-13 07:46:49.016084,,,,,,f,,1520,1552,1
1549,2017-03-13 07:59:56.909247,,,,,,f,,1535,1554,1
1550,2017-03-13 08:02:23.755101,,,,,,f,,1526,1555,1
1551,2017-03-13 08:05:00.16079,,,,,,f,,1508,1556,1
1552,2017-03-13 08:16:08.924897,,,,,,f,,1506,1557,1
1553,2017-03-13 08:16:36.657989,,,,,,f,,1509,1558,1
1554,2017-03-13 08:27:12.937823,,,,,,f,,1518,1559,1
1555,2017-03-13 08:47:34.781949,,,,,,f,,1521,1560,1
1556,2017-03-13 08:59:59.784164,,,,,,f,,1504,1561,1
1557,2017-03-13 09:13:09.405964,,,,,,f,,1509,1562,1
1559,2017-03-13 09:25:43.002396,,,,,,f,,1518,1564,1
1560,2017-03-13 09:30:58.172376,,,,,,f,,1498,1565,1
1561,2017-03-13 09:33:09.712103,,,,,,f,,1503,1566,1
1562,2017-03-13 09:35:58.677983,,,,,,f,,1524,1567,1
1566,2017-03-13 10:04:58.304813,,,,,,t,2017-03-13 10:10:18.964172,1538,1571,1
1569,2017-03-13 10:11:28.916743,,,,,,f,,1521,1574,1
1570,2017-03-13 10:14:51.449284,,,,,,f,,1535,1575,1
1571,2017-03-13 10:22:58.388553,,,,,,f,,1530,1576,1
1572,2017-03-13 10:25:40.073851,,,,,,t,2017-03-13 10:34:04.660826,1518,1577,1
1574,2017-03-13 10:43:15.943412,,,,,,f,,1512,1579,1
1575,2017-03-13 10:51:12.314771,,,,,,f,,1531,1580,1
1576,2017-03-13 11:11:21.305821,,,,,,f,,1504,1581,1
1577,2017-03-13 11:23:03.441044,,,,,,f,,1575,1582,1
1578,2017-03-13 11:24:45.977886,,,,,,f,,1566,1583,1
1579,2017-03-13 11:31:00.441625,,,,,,t,2017-03-13 11:38:13.747154,1563,1584,1
1581,2017-03-13 11:46:45.172108,,,,,,f,,1581,1586,1
1582,2017-03-13 11:50:36.862408,,,,,,f,,1541,1587,1
1584,2017-03-13 11:56:09.903134,,,,,,f,,1554,1589,1
1586,2017-03-13 12:17:18.923684,,,,,,f,,1568,1591,1
1587,2017-03-13 12:26:01.473235,,,,,,f,,1565,1592,1
1590,2017-03-13 12:43:40.386903,,,,,,f,,1578,1595,1
1591,2017-03-13 12:45:06.254817,,,,,,f,,1546,1596,1
1593,2017-03-13 12:54:01.908219,,,,,,f,,1572,1598,1
1594,2017-03-13 12:57:00.135934,,,,,,f,,1564,1599,1
1595,2017-03-13 13:01:35.653363,,,,,,f,,1546,1600,1
1597,2017-03-13 13:10:41.875937,,,,,,f,,1580,1602,1
1599,2017-03-13 13:18:31.519411,,,,,,f,,1545,1604,1
1603,2017-03-13 13:35:16.917843,,,,,,f,,1562,1608,1
1604,2017-03-13 13:36:09.357538,,,,,,f,,1564,1609,1
1605,2017-03-13 13:37:23.899325,,,,,,f,,1562,1610,1
1609,2017-03-13 13:49:17.315897,,,,,,f,,1547,1614,1
1611,2017-03-13 13:54:31.107471,,,,,,f,,1576,1616,1
1610,2017-03-13 13:51:34.3364,,,,,,t,2017-03-13 13:57:29.478991,1552,1615,1
1612,2017-03-13 14:07:25.702721,,,,,,f,,1557,1617,1
1617,2017-03-13 14:42:13.384018,,,,,,f,,1542,1622,1
1618,2017-03-13 14:46:16.163824,,,,,,t,2017-03-13 14:49:13.143528,1563,1623,1
1619,2017-03-13 14:54:56.029162,,,,,,f,,1576,1624,1
1620,2017-03-13 15:03:23.786879,,,,,,f,,1588,1625,1
1621,2017-03-13 15:12:55.090777,,,,,,f,,1588,1626,1
1622,2017-03-13 15:15:57.280624,,,,,,f,,1585,1627,1
1625,2017-03-13 15:23:38.35162,,,,,,f,,1586,1630,1
1627,2017-03-13 15:26:54.34013,,,,,,f,,1585,1632,1
1628,2017-03-13 15:31:23.780504,,,,,,f,,1591,1633,1
1629,2017-03-13 15:34:09.602444,,,,,,f,,1601,1634,1
1631,2017-03-13 15:40:02.171742,,,,,,f,,1611,1636,1
1634,2017-03-13 15:42:59.532391,,,,,,f,,1595,1639,1
1638,2017-03-13 15:59:22.911464,,,,,,f,,1586,1643,1
1639,2017-03-13 16:01:23.740769,,,,,,f,,1583,1644,1
1640,2017-03-13 16:09:02.487686,,,,,,f,,1583,1645,1
1642,2017-03-13 16:10:29.260869,,,,,,f,,1612,1647,1
1643,2017-03-13 16:10:33.422451,,,,,,f,,1589,1648,1
1645,2017-03-13 16:10:53.2204,,,,,,f,,1606,1650,1
1646,2017-03-13 16:10:59.603253,,,,,,f,,1618,1651,1
1647,2017-03-13 16:12:01.056301,,,,,,f,,1591,1652,1
1649,2017-03-13 16:13:57.379735,,,,,,f,,1589,1654,1
1650,2017-03-13 16:14:30.440836,,,,,,f,,1617,1655,1
1652,2017-03-13 16:17:45.757061,,,,,,f,,1594,1657,1
1653,2017-03-13 16:18:10.358716,,,,,,f,,1611,1658,1
1654,2017-03-13 16:18:43.547835,,,,,,f,,1597,1659,1
1655,2017-03-13 16:18:48.93024,,,,,,f,,1597,1660,1
1656,2017-03-13 16:19:11.199393,,,,,,f,,1588,1661,1
1657,2017-03-13 16:20:27.58534,,,,,,f,,1586,1662,1
1658,2017-03-13 16:21:01.346222,,,,,,f,,1604,1663,1
1659,2017-03-13 16:22:27.955265,,,,,,f,,1587,1664,1
1660,2017-03-13 16:22:54.722584,,,,,,f,,1587,1665,1
1661,2017-03-13 16:30:00.422986,,,,,,f,,1636,1666,1
1662,2017-03-13 16:30:13.171271,,,,,,f,,1664,1667,1
1663,2017-03-13 16:33:32.702684,,,,,,f,,1652,1668,1
1664,2017-03-13 16:34:17.903008,,,,,,f,,1640,1669,1
1665,2017-03-13 16:35:26.800123,,,,,,f,,1646,1670,1
1666,2017-03-13 16:36:01.385721,,,,,,f,,1665,1671,1
1667,2017-03-13 16:36:45.51068,,,,,,f,,1640,1672,1
1668,2017-03-13 16:37:17.751682,,,,,,f,,1642,1673,1
1670,2017-03-13 16:45:49.941601,,,,,,f,,1641,1675,1
1669,2017-03-13 16:42:33.292126,,,,,,t,2017-03-13 16:49:40.637583,1658,1674,1
1671,2017-03-13 16:51:05.419542,,,,,,f,,1655,1676,1
1672,2017-03-13 16:51:50.889199,,,,,,f,,1641,1677,1
1673,2017-03-13 16:53:09.38552,,,,,,f,,1660,1678,1
1674,2017-03-13 16:54:23.121248,,,,,,f,,1656,1679,1
1675,2017-03-13 17:00:08.907808,,,,,,f,,1660,1680,1
1676,2017-03-13 17:00:43.207636,,,,,,f,,1661,1681,1
1677,2017-03-13 17:01:27.781245,,,,,,f,,1632,1682,1
1678,2017-03-13 17:05:13.013524,,,,,,f,,1652,1683,1
1679,2017-03-13 17:06:29.793835,,,,,,f,,1633,1684,1
1680,2017-03-13 17:06:48.963506,,,,,,f,,1653,1685,1
1681,2017-03-13 17:08:03.701803,,,,,,f,,1664,1686,1
1682,2017-03-13 17:08:57.357544,,,,,,f,,1634,1687,1
1683,2017-03-13 17:10:38.9885,,,,,,f,,1658,1688,1
1684,2017-03-13 17:10:52.105109,,,,,,f,,1646,1689,1
1685,2017-03-13 17:11:12.479465,,,,,,f,,1638,1690,1
1686,2017-03-13 17:17:40.071361,,,,,,f,,1653,1691,1
1687,2017-03-13 17:21:05.830339,,,,,,f,,1640,1692,1
1688,2017-03-13 17:22:31.348214,,,,,,f,,1664,1693,1
1689,2017-03-13 17:27:10.867032,,,,,,f,,1627,1694,1
1690,2017-03-13 17:29:28.147563,,,,,,f,,1647,1695,1
1691,2017-03-13 17:37:33.123529,,,,,,f,,1660,1696,1
1692,2017-03-13 17:45:16.682379,,,,,,f,,1636,1697,1
1693,2017-03-13 17:45:47.124365,,,,,,f,,1632,1698,1
1694,2017-03-13 17:49:14.570817,,,,,,t,2017-03-13 17:50:48.718155,1651,1699,1
1695,2017-03-13 17:52:20.891182,,,,,,f,,1640,1700,1
1696,2017-03-13 17:52:33.651777,,,,,,f,,1662,1701,1
1697,2017-03-13 17:59:27.123135,,,,,,f,,1630,1702,1
1698,2017-03-13 17:59:36.483356,,,,,,t,2017-03-13 18:00:54.838894,1660,1703,1
1699,2017-03-13 18:02:09.532325,,,,,,f,,1640,1704,1
1700,2017-03-13 18:08:36.633088,,,,,,f,,1665,1705,1
1701,2017-03-13 18:09:42.240393,,,,,,f,,1636,1706,1
1702,2017-03-13 18:09:48.224251,,,,,,f,,1628,1707,1
1703,2017-03-13 18:21:54.162723,,,,,,f,,1626,1708,1
